item,itemLabel,alias
http://www.wikidata.org/entity/Q9682,Elizabeth II,Elizabeth Alexandra Mary
http://www.wikidata.org/entity/Q9682,Elizabeth II,Elizabeth Alexandra Mary Windsor
http://www.wikidata.org/entity/Q2677,Wilhelm II,William II
http://www.wikidata.org/entity/Q2677,Wilhelm II,Wilhelm II.
http://www.wikidata.org/entity/Q2677,Wilhelm II,Kaiser Wilhelm II
http://www.wikidata.org/entity/Q2677,Wilhelm II,Emperor Willlam
http://www.wikidata.org/entity/Q2677,Wilhelm II,Frederick William Victor Albert of Prussia
http://www.wikidata.org/entity/Q2677,Wilhelm II,Friedrich Wilhelm Emperor William II
http://www.wikidata.org/entity/Q2677,Wilhelm II,Friedrich Wilhelm Viktor Albert von Hohenzollern
http://www.wikidata.org/entity/Q2677,Wilhelm II,Friedrich Wilhelm Viktor Albrecht von Preußen
http://www.wikidata.org/entity/Q2677,Wilhelm II,German Emperor Wilhelm II
http://www.wikidata.org/entity/Q2677,Wilhelm II,Wilhelm II of Germany
http://www.wikidata.org/entity/Q2677,Wilhelm II,"Wilhelm II, German Emperor"
http://www.wikidata.org/entity/Q9682,Elizabeth II,Queen Elizabeth II
http://www.wikidata.org/entity/Q9685,"Diana, Princess of Wales",Diana
http://www.wikidata.org/entity/Q9685,"Diana, Princess of Wales",Princess Diana
http://www.wikidata.org/entity/Q9685,"Diana, Princess of Wales",Diana Spencer
http://www.wikidata.org/entity/Q9685,"Diana, Princess of Wales",Lady Di
http://www.wikidata.org/entity/Q10479,"Catherine, Princess of Wales",Catherine Elizabeth Middleton
http://www.wikidata.org/entity/Q10479,"Catherine, Princess of Wales","Catherine Elizabeth, Duchess of Cambridge"
http://www.wikidata.org/entity/Q10479,"Catherine, Princess of Wales","Catherine Elizabeth, Duchess of Cornwall and Cambridge"
http://www.wikidata.org/entity/Q10479,"Catherine, Princess of Wales","Catherine Elizabeth, Princess of Wales"
http://www.wikidata.org/entity/Q10479,"Catherine, Princess of Wales",Catherine Middleton
http://www.wikidata.org/entity/Q10479,"Catherine, Princess of Wales","Catherine, Duchess of Cambridge"
http://www.wikidata.org/entity/Q10479,"Catherine, Princess of Wales","Catherine, Duchess of Cornwall and Cambridge"
http://www.wikidata.org/entity/Q10479,"Catherine, Princess of Wales",Duchess Catherine
http://www.wikidata.org/entity/Q10479,"Catherine, Princess of Wales",Duchess Kate
http://www.wikidata.org/entity/Q10479,"Catherine, Princess of Wales",Kate Middleton
http://www.wikidata.org/entity/Q10479,"Catherine, Princess of Wales",Princess Catherine
http://www.wikidata.org/entity/Q10479,"Catherine, Princess of Wales",Princess Kate
http://www.wikidata.org/entity/Q9685,"Diana, Princess of Wales",Lady Diana Spencer
http://www.wikidata.org/entity/Q9685,"Diana, Princess of Wales",The People's Princess
http://www.wikidata.org/entity/Q9685,"Diana, Princess of Wales",Diana Frances Spencer
http://www.wikidata.org/entity/Q9685,"Diana, Princess of Wales",Diana Princess of Wales
http://www.wikidata.org/entity/Q9685,"Diana, Princess of Wales",Lady Diana Frances Spencer
http://www.wikidata.org/entity/Q9685,"Diana, Princess of Wales",Princess Di
http://www.wikidata.org/entity/Q9685,"Diana, Princess of Wales",The Princess of Wales
http://www.wikidata.org/entity/Q10633,Queen Elizabeth the Queen Mother,"Elizabeth, Queen Consort of the British Empire"
http://www.wikidata.org/entity/Q17142,George I of Greece,George I
http://www.wikidata.org/entity/Q17142,George I of Greece,Vilhelm
http://www.wikidata.org/entity/Q17142,George I of Greece,George I of the Hellens
http://www.wikidata.org/entity/Q17142,George I of Greece,"George I, King of Greece"
http://www.wikidata.org/entity/Q17142,George I of Greece,"George I, King of the Hellenes"
http://www.wikidata.org/entity/Q17142,George I of Greece,King George I of Greece
http://www.wikidata.org/entity/Q17142,George I of Greece,King George I of the Hellens
http://www.wikidata.org/entity/Q18363,Alfonso XIII,The African
http://www.wikidata.org/entity/Q18363,Alfonso XIII,Alfonso Leon Fernando Maria Jaime Isidro Pascual Antonio de Borbon y Austria-Lorena
http://www.wikidata.org/entity/Q18363,Alfonso XIII,Alfonso León Fernando María Jaime Isidro Pascual Antonio de Borbón y Austria-Lorena
http://www.wikidata.org/entity/Q18363,Alfonso XIII,Alfonso XIII of Spain
http://www.wikidata.org/entity/Q18363,Alfonso XIII,Don Alfonso de Borbon y Habsburgo
http://www.wikidata.org/entity/Q18363,Alfonso XIII,Don Alfonso de Borbón y Habsburgo
http://www.wikidata.org/entity/Q19006,Princess Elizabeth of Greece and Denmark,Elizabeth of Greece and Denmark
http://www.wikidata.org/entity/Q19006,Princess Elizabeth of Greece and Denmark,Elizabeth Oldenburg
http://www.wikidata.org/entity/Q19006,Princess Elizabeth of Greece and Denmark,"Princess Elizabeth, Countess of Toerring-Jettenbach"
http://www.wikidata.org/entity/Q19943,Juan Carlos I of Spain,Juan Carlos I
http://www.wikidata.org/entity/Q19943,Juan Carlos I of Spain,Juan Carlos Alfonso Víctor María de Borbón y Borbón-Dos Sicilias
http://www.wikidata.org/entity/Q32347,Alfonso XII of Spain,Alfonso XII
http://www.wikidata.org/entity/Q10479,"Catherine, Princess of Wales",Catherine Princess of Wales
http://www.wikidata.org/entity/Q10479,"Catherine, Princess of Wales",Kate Princess of Wales
http://www.wikidata.org/entity/Q10633,Queen Elizabeth the Queen Mother,Queen Elizabeth
http://www.wikidata.org/entity/Q10633,Queen Elizabeth the Queen Mother,Elizabeth Angela Marguerite Bowes-Lyon
http://www.wikidata.org/entity/Q10633,Queen Elizabeth the Queen Mother,"Elizabeth Angela Marguerite, Duchess of York"
http://www.wikidata.org/entity/Q10633,Queen Elizabeth the Queen Mother,Elizabeth Bowes-Lyon
http://www.wikidata.org/entity/Q10633,Queen Elizabeth the Queen Mother,"Elizabeth, Duchess of York"
http://www.wikidata.org/entity/Q10633,Queen Elizabeth the Queen Mother,Hon. Elizabeth Angela Marguerite Bowes-Lyon
http://www.wikidata.org/entity/Q10633,Queen Elizabeth the Queen Mother,Hon. Elizabeth Bowes-Lyon
http://www.wikidata.org/entity/Q10633,Queen Elizabeth the Queen Mother,Lady Elizabeth Angela Marguerite Bowes-Lyon
http://www.wikidata.org/entity/Q10633,Queen Elizabeth the Queen Mother,Lady Elizabeth Bowes-Lyon
http://www.wikidata.org/entity/Q10633,Queen Elizabeth the Queen Mother,Queen Elizabeth Angela Marguerite
http://www.wikidata.org/entity/Q10633,Queen Elizabeth the Queen Mother,Queen-Empress Elizabeth
http://www.wikidata.org/entity/Q10633,Queen Elizabeth the Queen Mother,The Queen Mother
http://www.wikidata.org/entity/Q10633,Queen Elizabeth the Queen Mother,The Queen Mum
http://www.wikidata.org/entity/Q36812,"William, Prince of Wales",Bulliam
http://www.wikidata.org/entity/Q36812,"William, Prince of Wales",Prince William Arthur Philip Louis of Wales
http://www.wikidata.org/entity/Q36812,"William, Prince of Wales","Prince William Arthur Philip Louis, Duke of Cambridge"
http://www.wikidata.org/entity/Q36812,"William, Prince of Wales",Prince William of Wales
http://www.wikidata.org/entity/Q36812,"William, Prince of Wales","Prince William, Duke of Cambridge"
http://www.wikidata.org/entity/Q36812,"William, Prince of Wales",William Arthur Philip Louis
http://www.wikidata.org/entity/Q36812,"William, Prince of Wales",William Arthur Philip Louis Mountbatten-Windsor
http://www.wikidata.org/entity/Q36812,"William, Prince of Wales","William Arthur Philip Louis, Prince of Wales"
http://www.wikidata.org/entity/Q36812,"William, Prince of Wales",William Cambridge
http://www.wikidata.org/entity/Q26455,Fernand Sanz,Fernando Sanz y Martinez de Arrizala
http://www.wikidata.org/entity/Q29574,Beatrix of the Netherlands,Beatrix der Nederlanden
http://www.wikidata.org/entity/Q29574,Beatrix of the Netherlands,"Beatrix Koningin der Nederlanden, Prinses van Oranje-Nassau"
http://www.wikidata.org/entity/Q29574,Beatrix of the Netherlands,Beatrix of Orange
http://www.wikidata.org/entity/Q29574,Beatrix of the Netherlands,Beatrix van Oranje
http://www.wikidata.org/entity/Q29574,Beatrix of the Netherlands,Beatrix Wilhelmina Armgard
http://www.wikidata.org/entity/Q29574,Beatrix of the Netherlands,Princess Beatrix of Orange-Nassau
http://www.wikidata.org/entity/Q29574,Beatrix of the Netherlands,Princess Beatrix of the Netherlands
http://www.wikidata.org/entity/Q29574,Beatrix of the Netherlands,Queen Beatrix
http://www.wikidata.org/entity/Q33218,"Infanta Alicia, Duchess of Calabria",Princess Alicia Maria Teresa Francesca Luisa Pia Anna Valeria of Bourbon-Parma
http://www.wikidata.org/entity/Q33218,"Infanta Alicia, Duchess of Calabria",Princess Alicia of Bourbon-Parma
http://www.wikidata.org/entity/Q36812,"William, Prince of Wales",Prince William
http://www.wikidata.org/entity/Q36812,"William, Prince of Wales",William Wales
http://www.wikidata.org/entity/Q36812,"William, Prince of Wales",William Windsor
http://www.wikidata.org/entity/Q43274,Charles III,King of England
http://www.wikidata.org/entity/Q43274,Charles III,Prince Charles
http://www.wikidata.org/entity/Q43274,Charles III,King Charles
http://www.wikidata.org/entity/Q43274,Charles III,His Majesty The King
http://www.wikidata.org/entity/Q43274,Charles III,His Majesty
http://www.wikidata.org/entity/Q43274,Charles III,King Charles III
http://www.wikidata.org/entity/Q43274,Charles III,C III
http://www.wikidata.org/entity/Q43274,Charles III,Charles III of England
http://www.wikidata.org/entity/Q43274,Charles III,Charles III of the United Kingdom
http://www.wikidata.org/entity/Q43274,Charles III,Charles Mountbatten-Windsor
http://www.wikidata.org/entity/Q43274,Charles III,Charles Philip Arthur George Mountbatten-Windsor
http://www.wikidata.org/entity/Q43274,Charles III,Charles Philip Arthur George Windsor
http://www.wikidata.org/entity/Q43274,Charles III,"Charles Philip Arthur George, Prince of Wales"
http://www.wikidata.org/entity/Q43274,Charles III,Charles the Third
http://www.wikidata.org/entity/Q43274,Charles III,Charles Wales
http://www.wikidata.org/entity/Q43274,Charles III,Charles Windsor
http://www.wikidata.org/entity/Q43274,Charles III,"His Majesty Charles the Third, by the Grace of God, of the United Kingdom of Great Britain and Northern Ireland and of His other Realms and Territories King, Head of the Commonwealth, Defender of the Faith"
http://www.wikidata.org/entity/Q43274,Charles III,His Royal Highness Charles III of Great Britain
http://www.wikidata.org/entity/Q43274,Charles III,HM King Charles III
http://www.wikidata.org/entity/Q43274,Charles III,Prince Charles of Edinburgh
http://www.wikidata.org/entity/Q43274,Charles III,Prince Charles Philip Arthur George of Edinburgh
http://www.wikidata.org/entity/Q43274,Charles III,"Prince Charles Philip Arthur George, Prince of Wales"
http://www.wikidata.org/entity/Q43274,Charles III,"Prince Charles, Duke of Rothesay"
http://www.wikidata.org/entity/Q43274,Charles III,"Prince Charles, Prince of Wales"
http://www.wikidata.org/entity/Q43274,Charles III,"The Prince Charles Philip Arthur George, Prince of Wales"
http://www.wikidata.org/entity/Q43274,Charles III,"The Prince Charles, Prince of Wales"
http://www.wikidata.org/entity/Q43274,Charles III,Charles Philip Arthur George
http://www.wikidata.org/entity/Q56641,Pim Lier,Albrecht-Willem Lier
http://www.wikidata.org/entity/Q57264,Alexandrine of Mecklenburg-Schwerin,Alexandrine Auguste of Mecklenburg-Schwerin
http://www.wikidata.org/entity/Q57264,Alexandrine of Mecklenburg-Schwerin,"Alexandrine, Queen of Denmark"
http://www.wikidata.org/entity/Q57264,Alexandrine of Mecklenburg-Schwerin,Duchess Alexandrine Auguste of Mecklenburg-Schwerin
http://www.wikidata.org/entity/Q57264,Alexandrine of Mecklenburg-Schwerin,Duchess Alexandrine of Mecklenburg-Schwerin
http://www.wikidata.org/entity/Q57264,Alexandrine of Mecklenburg-Schwerin,Queen Alexandrine of Denmark
http://www.wikidata.org/entity/Q50998,Prince Adalbert of Prussia,Prince Adalbert Ferdinand Berengar Viktor of Prussia
http://www.wikidata.org/entity/Q54386,"Infanta Elena, Duchess of Lugo","Elena Maria Isabela Dominica de Silas de Borbón y Grecia, Infanta de España"
http://www.wikidata.org/entity/Q54386,"Infanta Elena, Duchess of Lugo",Infanta Elena of Spain
http://www.wikidata.org/entity/Q54386,"Infanta Elena, Duchess of Lugo",Infanta Elena
http://www.wikidata.org/entity/Q54386,"Infanta Elena, Duchess of Lugo",Elena de Borbón
http://www.wikidata.org/entity/Q55720,Sarah Ferguson,Fergie
http://www.wikidata.org/entity/Q55720,Sarah Ferguson,Sarah Margaret Ferguson
http://www.wikidata.org/entity/Q55720,Sarah Ferguson,Sarah Margaret Mountbatten-Windsor
http://www.wikidata.org/entity/Q55720,Sarah Ferguson,Sarah Mountbatten-Windsor
http://www.wikidata.org/entity/Q57304,Prince Bernhard of Lippe-Biesterfeld,B. van Lippe Biesterfeld
http://www.wikidata.org/entity/Q57304,Prince Bernhard of Lippe-Biesterfeld,Bernhard of Lippe-Biesterfeld
http://www.wikidata.org/entity/Q57304,Prince Bernhard of Lippe-Biesterfeld,Bernhard zur Lippe-Biesterfeld
http://www.wikidata.org/entity/Q57304,Prince Bernhard of Lippe-Biesterfeld,"Bernhard, Prince Consort of the Netherlands"
http://www.wikidata.org/entity/Q57304,Prince Bernhard of Lippe-Biesterfeld,Prince Bernhard of the Netherlands
http://www.wikidata.org/entity/Q57304,Prince Bernhard of Lippe-Biesterfeld,"Prince Bernhard, Prince Consort of the Netherlands"
http://www.wikidata.org/entity/Q57304,Prince Bernhard of Lippe-Biesterfeld,Z.K.H. Prins Bernhard
http://www.wikidata.org/entity/Q57355,"Prince Georg Friedrich, Prince of Prussia",Georg Friedrich Ferdinand Prinz von Preußen
http://www.wikidata.org/entity/Q57468,Prince Louis of Battenberg,Count Alexander of Battenberg
http://www.wikidata.org/entity/Q57468,Prince Louis of Battenberg,Count Louis of Battenberg
http://www.wikidata.org/entity/Q57468,Prince Louis of Battenberg,"Louis Alexander Mountbatten, 1st Marquess of Milford Haven"
http://www.wikidata.org/entity/Q57468,Prince Louis of Battenberg,Louis Alexander of Battenberg
http://www.wikidata.org/entity/Q57468,Prince Louis of Battenberg,Louis Milford Haven
http://www.wikidata.org/entity/Q57468,Prince Louis of Battenberg,"Louis Mountbatten, 1st Marquess of Milford Haven"
http://www.wikidata.org/entity/Q57468,Prince Louis of Battenberg,Louis of Battenberg
http://www.wikidata.org/entity/Q57468,Prince Louis of Battenberg,Prince Louis Alexander of Battenberg
http://www.wikidata.org/entity/Q57468,Prince Louis of Battenberg,Sir Louis Alexander Mountbatten
http://www.wikidata.org/entity/Q57468,Prince Louis of Battenberg,Sir Louis Mountbatten
http://www.wikidata.org/entity/Q57529,Princess Viktoria Luise of Prussia,Princess Victoria Louise Adelaide Matilda Charlotte of Prussia
http://www.wikidata.org/entity/Q57529,Princess Viktoria Luise of Prussia,Princess Victoria Louise of Prussia
http://www.wikidata.org/entity/Q57529,Princess Viktoria Luise of Prussia,Victoria Louise Adelaide Matilda
http://www.wikidata.org/entity/Q57529,Princess Viktoria Luise of Prussia,Viktoria Luise of Prussia
http://www.wikidata.org/entity/Q57529,Princess Viktoria Luise of Prussia,"Viktoria Luise, Duchess Consort of Brunswick"
http://www.wikidata.org/entity/Q57569,Prince Henry of Prussia,Albert Wilhelm Heinrich
http://www.wikidata.org/entity/Q57569,Prince Henry of Prussia,Heinrich Prinz von Preußen
http://www.wikidata.org/entity/Q57569,Prince Henry of Prussia,Prince Albert William Henry of Prussia
http://www.wikidata.org/entity/Q57621,"Wilhelm, German Crown Prince",Friedrich Wilhelm Victor August Ernst
http://www.wikidata.org/entity/Q57621,"Wilhelm, German Crown Prince",Crown Prince Wilhelm
http://www.wikidata.org/entity/Q57658,Princess Victoria of Hesse and by Rhine,Princess Victoria Alberta Elizabeth Mathilde Marie of Hesse and by Rhine
http://www.wikidata.org/entity/Q57658,Princess Victoria of Hesse and by Rhine,"Princess Victoria, Marchioness of Milford Have"
http://www.wikidata.org/entity/Q57658,Princess Victoria of Hesse and by Rhine,"Victoria Alberta Elizabeth Mathilde Marie Mountbatten, Marchioness of Milford Haven"
http://www.wikidata.org/entity/Q57658,Princess Victoria of Hesse and by Rhine,Victoria Alberta Elizabeth Mathilde Marie of Hesse and by Rhine
http://www.wikidata.org/entity/Q57658,Princess Victoria of Hesse and by Rhine,Victoria Milford Haven
http://www.wikidata.org/entity/Q57658,Princess Victoria of Hesse and by Rhine,Victoria of Hesse and by Rhine
http://www.wikidata.org/entity/Q57658,Princess Victoria of Hesse and by Rhine,"Victoria, Marchioness of Milford Haven"
http://www.wikidata.org/entity/Q57664,Emma of Waldeck and Pyrmont,Queen Emma
http://www.wikidata.org/entity/Q57664,Emma of Waldeck and Pyrmont,Emma of the Netherlands
http://www.wikidata.org/entity/Q57664,Emma of Waldeck and Pyrmont,"Emma, prinses van Waldeck en Pyrmont"
http://www.wikidata.org/entity/Q57664,Emma of Waldeck and Pyrmont,Princess Emma of Waldeck and Pyrmont
http://www.wikidata.org/entity/Q57976,Frederick Francis II,"Frederick Francis II, Grand Duke of Mecklenburg-Schwerin"
http://www.wikidata.org/entity/Q57976,Frederick Francis II,"Friedrich Franz II, Grand Duke of Mecklenburg-Schwerin"
http://www.wikidata.org/entity/Q57976,Frederick Francis II,Friedrich Franz II.
http://www.wikidata.org/entity/Q58070,"Ernst August, Prince of Hanover",Ernst August Prinz von Hannover
http://www.wikidata.org/entity/Q58070,"Ernst August, Prince of Hanover",Prince Ernst August of Hanover
http://www.wikidata.org/entity/Q58070,"Ernst August, Prince of Hanover",Ernst August Albert Paul Otto Rupprecht Oskar Berthold Friedrich-Ferdinand Christian-Ludwig of Hanover
http://www.wikidata.org/entity/Q58070,"Ernst August, Prince of Hanover",Ernst August of Hanover
http://www.wikidata.org/entity/Q58070,"Ernst August, Prince of Hanover",Ernst August von Hanover
http://www.wikidata.org/entity/Q58070,"Ernst August, Prince of Hanover",Prince Ernst August Albert Paul Otto Rupprecht Oskar Berthold Friedrich-Ferdinand Christian-Ludwig of Hanover
http://www.wikidata.org/entity/Q58070,"Ernst August, Prince of Hanover",Prince Ernst August of Hanover (born 1954)
http://www.wikidata.org/entity/Q58070,"Ernst August, Prince of Hanover",Prince Ernst August Sr.
http://www.wikidata.org/entity/Q58600,"Frederick III, German Emperor",Frederick III of Germany
http://www.wikidata.org/entity/Q58600,"Frederick III, German Emperor",Friedrich III
http://www.wikidata.org/entity/Q58600,"Frederick III, German Emperor",Friedrich Wilhelm Nikolaus Karl
http://www.wikidata.org/entity/Q58600,"Frederick III, German Emperor",Friedrich III of Germany
http://www.wikidata.org/entity/Q58600,"Frederick III, German Emperor",Kronprinz Friedrich Wilhelm
http://www.wikidata.org/entity/Q58600,"Frederick III, German Emperor",King Frederick III of Prussia
http://www.wikidata.org/entity/Q58670,Princess Charlotte of Prussia,Charlotte of Prussia
http://www.wikidata.org/entity/Q58670,Princess Charlotte of Prussia,"Duchess Charlotte, Duchess Consort of Saxe-Meiningen"
http://www.wikidata.org/entity/Q58670,Princess Charlotte of Prussia,Princess Victoria Elizabeth Augusta Charlotte of Prussia
http://www.wikidata.org/entity/Q58670,Princess Charlotte of Prussia,Victoria Elizabeth Augusta Charlotte of Prussia
http://www.wikidata.org/entity/Q58777,Prince August Wilhelm of Prussia,Auwi
http://www.wikidata.org/entity/Q60371,Prince Joachim of Prussia,Joachim
http://www.wikidata.org/entity/Q60371,Prince Joachim of Prussia,Joachim Franz Hubert
http://www.wikidata.org/entity/Q60371,Prince Joachim of Prussia,Prince Joachim Franz Humbert of Prussia
http://www.wikidata.org/entity/Q60382,Princess Viktoria of Prussia,Friederike Amalia Wilhelmine Viktoria Prinzessin von Preußen
http://www.wikidata.org/entity/Q60382,Princess Viktoria of Prussia,Princess Friederike Amalia Wilhelmine Viktoria of Prussia
http://www.wikidata.org/entity/Q60697,Duke Adolf Friedrich of Mecklenburg-Schwerin,Adolf Friedrich Herzog von Mecklenburg-Schwerin
http://www.wikidata.org/entity/Q60697,Duke Adolf Friedrich of Mecklenburg-Schwerin,Duke Adolf Friedrich Albrecht Heinrich of Mecklenburg-Schwerin
http://www.wikidata.org/entity/Q60697,Duke Adolf Friedrich of Mecklenburg-Schwerin,Duke Of Mecklenburg Schwerin Adolf Friedrich
http://www.wikidata.org/entity/Q60697,Duke Adolf Friedrich of Mecklenburg-Schwerin,Herzog von Mecklenburg-Schwerin Adolf Friedrich
http://www.wikidata.org/entity/Q60737,"Georg Donatus, Hereditary Grand Duke of Hesse",Georg Donatus von Hessen-Darmstadt
http://www.wikidata.org/entity/Q60741,"Prince Philipp, Landgrave of Hesse",Philipp de Hesse-Kassel
http://www.wikidata.org/entity/Q60741,"Prince Philipp, Landgrave of Hesse",Philipp Prinz von Hessen
http://www.wikidata.org/entity/Q60741,"Prince Philipp, Landgrave of Hesse",Philipp von Hessen
http://www.wikidata.org/entity/Q60741,"Prince Philipp, Landgrave of Hesse","Prince Philipp, Landgrave of Hesse"
http://www.wikidata.org/entity/Q61079,"Ernst August, Prince of Hanover",Ernest Augustus of Hanover
http://www.wikidata.org/entity/Q61079,"Ernst August, Prince of Hanover",Prince Ernst August of Hanover
http://www.wikidata.org/entity/Q61079,"Ernst August, Prince of Hanover",Ernst August of Hanover
http://www.wikidata.org/entity/Q61079,"Ernst August, Prince of Hanover","Ernest Augustus, Prince of Hanover"
http://www.wikidata.org/entity/Q61079,"Ernst August, Prince of Hanover",Ernst August IV
http://www.wikidata.org/entity/Q61079,"Ernst August, Prince of Hanover",Prince Ernest Augustus of Hanover
http://www.wikidata.org/entity/Q61104,"Bernhard III, Duke of Saxe-Meiningen",Bernhard III
http://www.wikidata.org/entity/Q61242,Prince Oskar of Prussia,Oskar Karl Gustav Adolf of Prussia
http://www.wikidata.org/entity/Q61242,Prince Oskar of Prussia,Oskar of Prussia
http://www.wikidata.org/entity/Q61242,Prince Oskar of Prussia,Prince Oskar Karl Gustav Adolf of Prussia
http://www.wikidata.org/entity/Q61243,Princess Alexandra of Hanover,Alexandra of Hanover and Cumberland
http://www.wikidata.org/entity/Q61243,Princess Alexandra of Hanover,Princess Alexandra Louise Marie Olga Elisabeth Therese Vera of Hanover and Cumberland
http://www.wikidata.org/entity/Q61243,Princess Alexandra of Hanover,Princess Alexandra of Hanover and Cumberland
http://www.wikidata.org/entity/Q61270,"Louis, Prince of Hesse and by Rhine",Prince Ludwig of Hesse and by Rhine
http://www.wikidata.org/entity/Q61270,"Louis, Prince of Hesse and by Rhine",Prince Ludwig Hermann Alexander Chlodwig of Hesse and by Rhine
http://www.wikidata.org/entity/Q61270,"Louis, Prince of Hesse and by Rhine","Prince Ludwig, Hereditary Grand Duke of Hesse and by Rhine"
http://www.wikidata.org/entity/Q61338,Princess Margaret of Prussia,Mossy
http://www.wikidata.org/entity/Q61338,Princess Margaret of Prussia,Margaret Beatrice Feodora of Prussia
http://www.wikidata.org/entity/Q61338,Princess Margaret of Prussia,Margaret of Prussia
http://www.wikidata.org/entity/Q61338,Princess Margaret of Prussia,"Margaret of Prussia, Queen consort-elect of Finland"
http://www.wikidata.org/entity/Q61338,Princess Margaret of Prussia,"Margaret of Prussia, Queen-elect of Finland"
http://www.wikidata.org/entity/Q61338,Princess Margaret of Prussia,Margarethe Beatrice Feodora of Prussia
http://www.wikidata.org/entity/Q61338,Princess Margaret of Prussia,Margarethe of Prussia
http://www.wikidata.org/entity/Q61338,Princess Margaret of Prussia,Princess Frederick Charles of Hesse
http://www.wikidata.org/entity/Q61338,Princess Margaret of Prussia,Princess Margaret Beatrice Feodora of Prussia
http://www.wikidata.org/entity/Q61338,Princess Margaret of Prussia,Princess Margarethe Beatrice Feodora of Prussia
http://www.wikidata.org/entity/Q61338,Princess Margaret of Prussia,Princess Margarethe of Prussia
http://www.wikidata.org/entity/Q61351,Frederica of Hanover,Fredericka
http://www.wikidata.org/entity/Q61351,Frederica of Hanover,Friederike Luise von Griechenland
http://www.wikidata.org/entity/Q61351,Frederica of Hanover,Princess Fredericka
http://www.wikidata.org/entity/Q57672,"Ernst August, Duke of Brunswick",Ernest Augustus
http://www.wikidata.org/entity/Q57672,"Ernst August, Duke of Brunswick","Ernest August I, Duke of Brunswick"
http://www.wikidata.org/entity/Q57672,"Ernst August, Duke of Brunswick",Ernst August I of Brunswick
http://www.wikidata.org/entity/Q57930,Frederick Francis IV,Friedrich Franz IV
http://www.wikidata.org/entity/Q57930,Frederick Francis IV,"Frederick Francis IV, Grand Duke of Mecklenburg-Schwerin"
http://www.wikidata.org/entity/Q57930,Frederick Francis IV,"Friedrich Franz IV, Grand Duke of Mecklenburg-Schwerin"
http://www.wikidata.org/entity/Q57930,Frederick Francis IV,"Grand Duke Frederick Francis IV, Grand Duke of Mecklenburg-Schwerin"
http://www.wikidata.org/entity/Q57930,Frederick Francis IV,"Grand Duke Friedrich Franz IV, Grand Duke of Mecklenburg-Schwerin"
http://www.wikidata.org/entity/Q57974,Frederick Francis III,"Frederick Francis III, Grand Duke of Mecklenburg-Schwerin"
http://www.wikidata.org/entity/Q57974,Frederick Francis III,Friedrich Franz III
http://www.wikidata.org/entity/Q57974,Frederick Francis III,"Friedrich Franz III, Grand Duke of Mecklenburg-Schwerin"
http://www.wikidata.org/entity/Q62492,"Richard, 6th Prince of Sayn-Wittgenstein-Berleburg",Richard Casimir Karl August Robert Konstantin zu Sayn-Wittgenstein-Berleburg
http://www.wikidata.org/entity/Q62492,"Richard, 6th Prince of Sayn-Wittgenstein-Berleburg",Richard Prince zu Sayn-Wittgenstein-Berleburg
http://www.wikidata.org/entity/Q62602,"Prince Berthold, Margrave of Baden",Berthold Prinz und Markgraf von Baden
http://www.wikidata.org/entity/Q62965,"Philipp Albrecht, Duke of Württemberg","Duke Philipp Albrecht of Württemberg, Duke of Württemberg"
http://www.wikidata.org/entity/Q62965,"Philipp Albrecht, Duke of Württemberg","Duke Philipp Albrecht, The Duke of Württemberg"
http://www.wikidata.org/entity/Q63014,Princess Marie Auguste of Anhalt,Marie Auguste Prinzessin von Anhalt
http://www.wikidata.org/entity/Q63014,Princess Marie Auguste of Anhalt,Marie of Anhalt
http://www.wikidata.org/entity/Q63014,Princess Marie Auguste of Anhalt,Princess Marie Augustine of Anhalt
http://www.wikidata.org/entity/Q63014,Princess Marie Auguste of Anhalt,Princess Marie-Auguste of Anhalt
http://www.wikidata.org/entity/Q63093,Prince Waldemar of Prussia,Prince Waldemar William Louis Frederick Victor of Prussia
http://www.wikidata.org/entity/Q63093,Prince Waldemar of Prussia,Waldemar Prinz von Preußen
http://www.wikidata.org/entity/Q63093,Prince Waldemar of Prussia,Waldemar Wilhelm Ludwig Friedrich Viktor Heinrich Prinz von Preußen
http://www.wikidata.org/entity/Q63284,"Prince Moritz, Landgrave of Hesse",Moritz Friedrich Karl Emanuel Humbert
http://www.wikidata.org/entity/Q63575,Prince Louis Ferdinand of Prussia,Ludwig Ferdinand Oskar Christian Prinz von Preußen
http://www.wikidata.org/entity/Q63575,Prince Louis Ferdinand of Prussia,Prince Ludwig Ferdinand Oskar Christian of Prussia
http://www.wikidata.org/entity/Q63679,Prince Frederick Charles of Hesse,Frederick Charles Louis Constantine
http://www.wikidata.org/entity/Q63679,Prince Frederick Charles of Hesse,Frederick Charles Louis Constantine of Hesse
http://www.wikidata.org/entity/Q63679,Prince Frederick Charles of Hesse,Frederick Charles of Hesse
http://www.wikidata.org/entity/Q63679,Prince Frederick Charles of Hesse,Prince Frederick Charles Louis Constantine of Hesse
http://www.wikidata.org/entity/Q64217,Prince Franz Wilhelm of Prussia,Franz Wilhelm Victor Christoph Stephan
http://www.wikidata.org/entity/Q64217,Prince Franz Wilhelm of Prussia,Franz Wilhelm Viktor Christoph Stephan Prinz von Preußen
http://www.wikidata.org/entity/Q64704,Prince Sigismund of Prussia,Prince William Victor Charles Augustus Henry Sigismund of Prussia
http://www.wikidata.org/entity/Q64704,Prince Sigismund of Prussia,Sigismund Prinz von Preußen
http://www.wikidata.org/entity/Q64704,Prince Sigismund of Prussia,Wilhelm Viktor Karl August Heinrich Sigismund Prinz von Preußen
http://www.wikidata.org/entity/Q64976,"Nikolaus, Hereditary Grand Duke of Oldenburg",Nicolau d'Oldenburg
http://www.wikidata.org/entity/Q61464,Duke Johann Albrecht of Mecklenburg-Schwerin,Duke John Albert of Mecklenburg
http://www.wikidata.org/entity/Q61464,Duke Johann Albrecht of Mecklenburg-Schwerin,Johann Albrecht Herzog zu Mecklenburg
http://www.wikidata.org/entity/Q61777,Prince Georg Wilhelm of Hanover,Prince Georg Wilhelm Ernst August Friedrich Axel of Hanover
http://www.wikidata.org/entity/Q61777,Prince Georg Wilhelm of Hanover,"Prince Georg Wilhelm Ernst August Friedrich Axel of Hanover, Prince of Hanover"
http://www.wikidata.org/entity/Q61777,Prince Georg Wilhelm of Hanover,"Prince Georg Wilhelm of Hanover, Prince of Brunswick"
http://www.wikidata.org/entity/Q61777,Prince Georg Wilhelm of Hanover,Prince George William of Hanover
http://www.wikidata.org/entity/Q62056,Prince Eitel Friedrich of Prussia,Eitel Friedrich
http://www.wikidata.org/entity/Q62056,Prince Eitel Friedrich of Prussia,Prince Wilhelm Eitel Friedrich Christian Karl of Prussia
http://www.wikidata.org/entity/Q62056,Prince Eitel Friedrich of Prussia,Wilhelm Eitel-Friedrich Christian Karl Prinz von Preußen
http://www.wikidata.org/entity/Q62129,"Frederick Augustus II, Grand Duke of Oldenburg",Frederick Augustus II
http://www.wikidata.org/entity/Q62129,"Frederick Augustus II, Grand Duke of Oldenburg",Friedrich August von Oldenburg
http://www.wikidata.org/entity/Q62385,"Duke Carl, Duke of Württemberg","Carl, Duke of Württemberg"
http://www.wikidata.org/entity/Q62385,"Duke Carl, Duke of Württemberg",Karl Maria Herzog von Württemberg
http://www.wikidata.org/entity/Q66639,Princess Feodora of Saxe-Meiningen,Princess Feodora
http://www.wikidata.org/entity/Q67038,Prince Wolfgang of Hesse,Wolfgang Moritz von Hessen-Kassel
http://www.wikidata.org/entity/Q69425,Duchess Marie of Mecklenburg-Strelitz,Marie Herzogin zu Mecklenburg
http://www.wikidata.org/entity/Q70203,Duke Christian Ludwig of Mecklenburg-Schwerin,Christian Ludwig Großherzog von Mecklenburg-Schwerin
http://www.wikidata.org/entity/Q70203,Duke Christian Ludwig of Mecklenburg-Schwerin,Christian Ludwig Herzog zu Mecklenburg
http://www.wikidata.org/entity/Q70203,Duke Christian Ludwig of Mecklenburg-Schwerin,Duke Christian Louis of Mecklenburg
http://www.wikidata.org/entity/Q70632,Prince Frederick of Prussia,Friedrich Georg Wilhelm Christoph Prinz von Preussen
http://www.wikidata.org/entity/Q70632,Prince Frederick of Prussia,Friedrich Georg Wilhelm Christoph Prinz von Preußen
http://www.wikidata.org/entity/Q70632,Prince Frederick of Prussia,Friedrich von Preussen
http://www.wikidata.org/entity/Q70632,Prince Frederick of Prussia,Prince Frederick George William Christopher of Prussia
http://www.wikidata.org/entity/Q70632,Prince Frederick of Prussia,Prince Friedrich Georg Wilhelm Christoph Prinz of Prussia
http://www.wikidata.org/entity/Q70760,Prince Hubertus of Prussia,Hubertus
http://www.wikidata.org/entity/Q70760,Prince Hubertus of Prussia,Prince Hubertus Karl Wilhelm of Prussia
http://www.wikidata.org/entity/Q70768,"Princess Maria, Duchess of Calabria",Princess Maria Ludwiga Theresia of Bavaria
http://www.wikidata.org/entity/Q70768,"Princess Maria, Duchess of Calabria","Princess Maria Ludwiga Theresia, Duchess of Calabria"
http://www.wikidata.org/entity/Q70768,"Princess Maria, Duchess of Calabria",Princess Maria of Bavaria
http://www.wikidata.org/entity/Q75911,"Josias, Hereditary Prince of Waldeck and Pyrmont",Josias Georg Wilhelm Adolf
http://www.wikidata.org/entity/Q76343,Otto von Habsburg,Crown Prince Otto of Austria
http://www.wikidata.org/entity/Q76343,Otto von Habsburg,"Otto, Crown Prince of Austria"
http://www.wikidata.org/entity/Q76908,Prince Maximilian of Baden,Prinz Maximilian von Baden
http://www.wikidata.org/entity/Q76927,Mary of Teck,Victoria Mary of Teck
http://www.wikidata.org/entity/Q76927,Mary of Teck,Ga-no-ron-gwa
http://www.wikidata.org/entity/Q76927,Mary of Teck,"Mary, Queen consort of the United Kingdom"
http://www.wikidata.org/entity/Q76927,Mary of Teck,"Mary, Queen of the UK"
http://www.wikidata.org/entity/Q76927,Mary of Teck,"Mary, Queen of the United Kingdom"
http://www.wikidata.org/entity/Q76927,Mary of Teck,"Mary, Queen of the United Kingdom, Empress of India"
http://www.wikidata.org/entity/Q76927,Mary of Teck,May of Teck
http://www.wikidata.org/entity/Q76927,Mary of Teck,Princess May of Teck
http://www.wikidata.org/entity/Q76927,Mary of Teck,Princess Victoria Mary Augusta Louise Olga Pauline Claudine Agnes of Teck
http://www.wikidata.org/entity/Q76927,Mary of Teck,Princess Victoria Mary of Teck
http://www.wikidata.org/entity/Q76927,Mary of Teck,Queen Mary of Teck
http://www.wikidata.org/entity/Q76927,Mary of Teck,Queen Mary of the UK
http://www.wikidata.org/entity/Q76927,Mary of Teck,Queen Mary of the United Kingdom
http://www.wikidata.org/entity/Q76927,Mary of Teck,Victoria Mary Augusta Louise Olga Pauline Claudine Agnes
http://www.wikidata.org/entity/Q76927,Mary of Teck,Victoria Mary Augusta Louise Olga Pauline Claudine Agnes of Teck
http://www.wikidata.org/entity/Q77335,"Regina, Crown Princess of Austria",Crown Princess Regina of Austria
http://www.wikidata.org/entity/Q77335,"Regina, Crown Princess of Austria",Regina von Habsburg
http://www.wikidata.org/entity/Q77555,"Archduchess Walburga, Countess Douglas",Archduchess Walburga Maria Franziska Helene Elisabeth of Austria
http://www.wikidata.org/entity/Q77555,"Archduchess Walburga, Countess Douglas",Archduchess Walburga of Austria
http://www.wikidata.org/entity/Q77555,"Archduchess Walburga, Countess Douglas",The Archduchess Walburga of Austria
http://www.wikidata.org/entity/Q77555,"Archduchess Walburga, Countess Douglas",Walburga Habsburg Douglas
http://www.wikidata.org/entity/Q77555,"Archduchess Walburga, Countess Douglas",Walburga von Habsburg
http://www.wikidata.org/entity/Q77555,"Archduchess Walburga, Countess Douglas",Walburga von Habsburg av Douglas
http://www.wikidata.org/entity/Q77556,Prince Wilhelm of Prussia,Prince Wilhelm Friedrich Franz Joseph Christian Olaf of Prussia
http://www.wikidata.org/entity/Q77937,Princess Kira of Prussia,Kira Auguste Viktoria Friederike Prinzessin von Preußen
http://www.wikidata.org/entity/Q77937,Princess Kira of Prussia,Kira of Prussia
http://www.wikidata.org/entity/Q77937,Princess Kira of Prussia,Kira Prussia
http://www.wikidata.org/entity/Q77937,Princess Kira of Prussia,Princess Kira Auguste Viktoria Friederike of Prussia
http://www.wikidata.org/entity/Q70797,"Wittekind, Prince of Waldeck and Pyrmont",Wittekind Adolf Heinrich Georg Wilhelm Prinz zu Waldeck und Pyrmont
http://www.wikidata.org/entity/Q71778,"Prince Donatus, Landgrave of Hesse","Donatus, Landgrave of Hesse"
http://www.wikidata.org/entity/Q71778,"Prince Donatus, Landgrave of Hesse",Heinrich Donatus Philipp Umberto
http://www.wikidata.org/entity/Q71778,"Prince Donatus, Landgrave of Hesse",Heinrich Donatus Philipp Umberto Prinz von Hessen-Kassel Landgraf von Hessen
http://www.wikidata.org/entity/Q73464,"Armin, Prince of Lippe",Armin Prinz zur Lippe
http://www.wikidata.org/entity/Q74913,Prince Heinrich of Hanover,Heinrich Julius of Hanover
http://www.wikidata.org/entity/Q74913,Prince Heinrich of Hanover,Heinrich Julius Prinz von Hannover
http://www.wikidata.org/entity/Q74913,Prince Heinrich of Hanover,Heinrich of Hanover
http://www.wikidata.org/entity/Q74913,Prince Heinrich of Hanover,Heinrich Prinz von Hannover
http://www.wikidata.org/entity/Q74913,Prince Heinrich of Hanover,Prince Heinrich Julius of Hanover
http://www.wikidata.org/entity/Q75112,Princess Alexandrine of Prussia,Alexandrine Irene of Prussia
http://www.wikidata.org/entity/Q75112,Princess Alexandrine of Prussia,Princess Alexandrine Irene of Prussia
http://www.wikidata.org/entity/Q75167,"Duke Friedrich, Hereditary Duke of Württemberg",Friedrich Philipp Carl Franz Maria
http://www.wikidata.org/entity/Q75167,"Duke Friedrich, Hereditary Duke of Württemberg",Friedrich Philipp Herzog von Württemberg
http://www.wikidata.org/entity/Q75167,"Duke Friedrich, Hereditary Duke of Württemberg","Friedrich, Duke of Württemberg"
http://www.wikidata.org/entity/Q75411,John Bowes-Lyon,Hon. John Bowes-Lyon
http://www.wikidata.org/entity/Q75411,John Bowes-Lyon,"Hon. John Herbert ""Jock"" Bowes-Lyon"
http://www.wikidata.org/entity/Q75411,John Bowes-Lyon,Hon. John Herbert Bowes-Lyon
http://www.wikidata.org/entity/Q75411,John Bowes-Lyon,Jock Bowes-Lyon
http://www.wikidata.org/entity/Q75411,John Bowes-Lyon,John Herbert Bowes-Lyon
http://www.wikidata.org/entity/Q75426,Lady Gabriella Windsor,Ella Kingston
http://www.wikidata.org/entity/Q75426,Lady Gabriella Windsor,Ella Windsor
http://www.wikidata.org/entity/Q75426,Lady Gabriella Windsor,Lady Gabriella Marina Alexandra Ophelia Kingston
http://www.wikidata.org/entity/Q75426,Lady Gabriella Windsor,Lady Gabriella Marina Alexandra Ophelia Windsor
http://www.wikidata.org/entity/Q78201,"Karl Friedrich, Prince of Hohenzollern",Karl Friedrich Fürst von Hohenzollern-Sigmaringen
http://www.wikidata.org/entity/Q78515,Karl von Habsburg,Karl Thomas Erzherzog von Österreich
http://www.wikidata.org/entity/Q80976,"Prince Philip, Duke of Edinburgh",Prince Philip
http://www.wikidata.org/entity/Q84971,"Duchess Rosa, Duchess of Württemberg",Archduchess Rosa of Austria
http://www.wikidata.org/entity/Q84971,"Duchess Rosa, Duchess of Württemberg","Archduchess Rosa of Austria, Princess of Tuscany"
http://www.wikidata.org/entity/Q84971,"Duchess Rosa, Duchess of Württemberg","Duchess Rosa, The Duchess of Württemberg"
http://www.wikidata.org/entity/Q86044,"Duchess Helena, Hereditary Duchess of Württemberg",Archduchess Helena of Austria
http://www.wikidata.org/entity/Q92141,Prince Wilhelm-Karl of Prussia,Prince Wilhelm Karl of Prussia
http://www.wikidata.org/entity/Q92141,Prince Wilhelm-Karl of Prussia,Wilhelm-Karl of Prussia
http://www.wikidata.org/entity/Q93535,"Marie Christine, Princess Michael of Kent",Marie Christine von Reibnitz
http://www.wikidata.org/entity/Q93535,"Marie Christine, Princess Michael of Kent",Marie-Christine Agnes Hedwig Ida Baronin von Reibnitz
http://www.wikidata.org/entity/Q93535,"Marie Christine, Princess Michael of Kent",Princess Michael of Kent
http://www.wikidata.org/entity/Q80976,"Prince Philip, Duke of Edinburgh",H.R.H. Prince Philip
http://www.wikidata.org/entity/Q80976,"Prince Philip, Duke of Edinburgh",H.R.H. The Duke Of Edinburgh
http://www.wikidata.org/entity/Q80976,"Prince Philip, Duke of Edinburgh",Lieutenant Philip Mountbatten
http://www.wikidata.org/entity/Q80976,"Prince Philip, Duke of Edinburgh",Philip Edinburgh
http://www.wikidata.org/entity/Q80976,"Prince Philip, Duke of Edinburgh",Philip Mountbatten
http://www.wikidata.org/entity/Q80976,"Prince Philip, Duke of Edinburgh",Philip Mountbatten; Prince Philip of Greece and Denmark
http://www.wikidata.org/entity/Q80976,"Prince Philip, Duke of Edinburgh",Philip of Greece and Denmark
http://www.wikidata.org/entity/Q80976,"Prince Philip, Duke of Edinburgh",Prince Philip of Greece and Denmark
http://www.wikidata.org/entity/Q80976,"Prince Philip, Duke of Edinburgh","The Prince Philip, Duke of Edinburgh"
http://www.wikidata.org/entity/Q116728,"Victoria, Princess Royal",Princess Victoria
http://www.wikidata.org/entity/Q116728,"Victoria, Princess Royal",Empress Frederick
http://www.wikidata.org/entity/Q116728,"Victoria, Princess Royal",Empress Frederick of Germany
http://www.wikidata.org/entity/Q116728,"Victoria, Princess Royal",Empress Friedrich
http://www.wikidata.org/entity/Q116728,"Victoria, Princess Royal",Empress of Germany Princess Royal Victoria Adelaide Mary Louise
http://www.wikidata.org/entity/Q116728,"Victoria, Princess Royal",Empress Victoria of Germany
http://www.wikidata.org/entity/Q116728,"Victoria, Princess Royal",Princess Victoria Adelaide Mary Louise
http://www.wikidata.org/entity/Q116728,"Victoria, Princess Royal",Princess Victoria Adelaide Mary Louise of the United Kingdom
http://www.wikidata.org/entity/Q116728,"Victoria, Princess Royal",Princess Victoria of the United Kingdom
http://www.wikidata.org/entity/Q116728,"Victoria, Princess Royal",Victoria Adelaide Mary Louisa
http://www.wikidata.org/entity/Q116728,"Victoria, Princess Royal",Victoria Adelaide Mary Louise
http://www.wikidata.org/entity/Q116728,"Victoria, Princess Royal","Victoria, Crown Princess of Prussia"
http://www.wikidata.org/entity/Q116728,"Victoria, Princess Royal","Victoria, Empress consort of Germany"
http://www.wikidata.org/entity/Q116728,"Victoria, Princess Royal","Victoria, Empress Frederick of Germany"
http://www.wikidata.org/entity/Q116728,"Victoria, Princess Royal","Victoria, Empress of Germany"
http://www.wikidata.org/entity/Q116728,"Victoria, Princess Royal","Victoria, German Empress"
http://www.wikidata.org/entity/Q116728,"Victoria, Princess Royal","Victoria, Queen of Prussia and Empress of Germany"
http://www.wikidata.org/entity/Q117174,"Prince Henry, Duke of Gloucester",Prince Henry
http://www.wikidata.org/entity/Q117174,"Prince Henry, Duke of Gloucester",Henry Gloucester
http://www.wikidata.org/entity/Q117174,"Prince Henry, Duke of Gloucester",Henry William Frederick Albert
http://www.wikidata.org/entity/Q117174,"Prince Henry, Duke of Gloucester",Henry Windsor
http://www.wikidata.org/entity/Q117174,"Prince Henry, Duke of Gloucester",Prince Henry of Cornwall and York
http://www.wikidata.org/entity/Q117174,"Prince Henry, Duke of Gloucester",Prince Henry of Wales
http://www.wikidata.org/entity/Q117174,"Prince Henry, Duke of Gloucester",Prince Henry of York
http://www.wikidata.org/entity/Q117174,"Prince Henry, Duke of Gloucester","Prince Henry William Frederick Albert, Duke of Gloucester"
http://www.wikidata.org/entity/Q117174,"Prince Henry, Duke of Gloucester",The Prince Henry
http://www.wikidata.org/entity/Q125361,Prince Michael of Prussia,Michael Prinz von Preußen
http://www.wikidata.org/entity/Q125649,William III of the Netherlands,William III
http://www.wikidata.org/entity/Q95828,"Philipp, Prince of Hohenlohe-Langenburg",Philipp Gottfried Alexander Erbprinz zu Hohenlohe-Langenburg
http://www.wikidata.org/entity/Q96731,"Prince Bernhard, Margrave of Baden",Bernhard Max Erbprinz von Baden
http://www.wikidata.org/entity/Q96731,"Prince Bernhard, Margrave of Baden",Bernhard Prinz und Markgraf von Baden
http://www.wikidata.org/entity/Q96733,Duchess Woizlawa Feodora of Mecklenburg-Schwerin,Woizlawa-Feodora Herzogin von Mecklenburg-Schwerin
http://www.wikidata.org/entity/Q100307,Oskar of Prussia,Prince Oscar of Prussia
http://www.wikidata.org/entity/Q100832,Baroness Elisabeth of Wangenheim-Winterstein,Elisabeth Baronin von Wangenheim-Winterstein
http://www.wikidata.org/entity/Q102139,Margrethe II of Denmark,Ingahild Grathmer
http://www.wikidata.org/entity/Q102139,Margrethe II of Denmark,Margrethe II
http://www.wikidata.org/entity/Q104235,"Alois-Konstantin, 9th Prince of Löwenstein-Wertheim-Rosenberg","Alois-Konstantin, Prince of Löwenstein-Wertheim-Rosenberg"
http://www.wikidata.org/entity/Q105976,Princess Cecilie Viktoria of Prussia,Princess Cecilie of Prussia
http://www.wikidata.org/entity/Q112096,Georg von Habsburg,Archduke Georg von Habsburg
http://www.wikidata.org/entity/Q112096,Georg von Habsburg,Archduke Paul Georg Maria Joseph Dominikus of Austria
http://www.wikidata.org/entity/Q112096,Georg von Habsburg,Archduke Georg of Austria
http://www.wikidata.org/entity/Q112108,"Robert, Archduke of Austria-Este",Robert Karl Erzherzog von Österreich
http://www.wikidata.org/entity/Q112108,"Robert, Archduke of Austria-Este",Robert Karl Ludwig Maximilian Michael Maria Anton Franz Ferdinand Joseph Otto Hubert Georg Pius Johannes Marcus d'Aviano
http://www.wikidata.org/entity/Q112108,"Robert, Archduke of Austria-Este",Roberto de Habsburgo
http://www.wikidata.org/entity/Q113733,Archduchess Gabriela of Austria,Archduchess Gabriela Maria of Austria
http://www.wikidata.org/entity/Q113733,Archduchess Gabriela of Austria,Gabriela von Habsburg
http://www.wikidata.org/entity/Q113733,Archduchess Gabriela of Austria,The Archduchess Gabriela of Austria
http://www.wikidata.org/entity/Q115472,Marie Bonaparte,Princess Marie Bonaparte
http://www.wikidata.org/entity/Q115477,Louise Mountbatten,Countess of Gripsholm
http://www.wikidata.org/entity/Q115477,Louise Mountbatten,Lady Louise Alexandra Marie Irene Mountbatten
http://www.wikidata.org/entity/Q115477,Louise Mountbatten,Lady Louise Mountbatten
http://www.wikidata.org/entity/Q115477,Louise Mountbatten,Louise Alexandra Marie Irene Mountbatten
http://www.wikidata.org/entity/Q115477,Louise Mountbatten,Louise Alexandra Marie Irene of Battenberg
http://www.wikidata.org/entity/Q115477,Louise Mountbatten,Louise of Battenberg
http://www.wikidata.org/entity/Q115477,Louise Mountbatten,Louise of Sweden
http://www.wikidata.org/entity/Q115477,Louise Mountbatten,Mrs Olsson
http://www.wikidata.org/entity/Q115477,Louise Mountbatten,Princess Louise Alexandra Marie Irene of Battenberg
http://www.wikidata.org/entity/Q115477,Louise Mountbatten,Princess Louise of Battenberg
http://www.wikidata.org/entity/Q115477,Louise Mountbatten,Queen Louise of Sweden
http://www.wikidata.org/entity/Q116062,Princess Alice of Battenberg,Alice
http://www.wikidata.org/entity/Q116062,Princess Alice of Battenberg,Alice of Battenberg
http://www.wikidata.org/entity/Q116062,Princess Alice of Battenberg,"Alice, Princess Andrew of Greece and Denmark"
http://www.wikidata.org/entity/Q116062,Princess Alice of Battenberg,Mother Superior Alice-Elizabeth
http://www.wikidata.org/entity/Q116062,Princess Alice of Battenberg,Princess Alice of Greece and Denmark
http://www.wikidata.org/entity/Q116062,Princess Alice of Battenberg,Princess Andrew of Greece and Denmark
http://www.wikidata.org/entity/Q116062,Princess Alice of Battenberg,Princess Victoria Alice Elizabeth Julia Marie of Battenberg
http://www.wikidata.org/entity/Q116062,Princess Alice of Battenberg,Victoria Alice Elizabeth Julia Marie
http://www.wikidata.org/entity/Q116062,Princess Alice of Battenberg,Victoria Alice Elizabeth Julia Marie of Battenberg
http://www.wikidata.org/entity/Q125649,William III of the Netherlands,King William III of the Netherlands
http://www.wikidata.org/entity/Q125649,William III of the Netherlands,Prince William of Orange
http://www.wikidata.org/entity/Q125649,William III of the Netherlands,Willem III
http://www.wikidata.org/entity/Q125649,William III of the Netherlands,Willem III der Nederlanden
http://www.wikidata.org/entity/Q125649,William III of the Netherlands,Willem III of the Netherlands
http://www.wikidata.org/entity/Q125649,William III of the Netherlands,Z.M. den Koning
http://www.wikidata.org/entity/Q129179,"María de las Mercedes, Princess of Asturias",María de las Mercedes of Spain
http://www.wikidata.org/entity/Q147663,Zara Tindall,Zara Anne Elizabeth Tindall
http://www.wikidata.org/entity/Q151742,Alexander of Greece,King Alexander I of Greece
http://www.wikidata.org/entity/Q151742,Alexander of Greece,King Alexander of Greece
http://www.wikidata.org/entity/Q151754,"Anne, Princess Royal",The Princess Anne
http://www.wikidata.org/entity/Q151754,"Anne, Princess Royal",Princess Anne
http://www.wikidata.org/entity/Q151754,"Anne, Princess Royal",Anne Elizabeth Alice Louise
http://www.wikidata.org/entity/Q151754,"Anne, Princess Royal",Anne Elizabeth Alice Louise Mountbatten-Windsor
http://www.wikidata.org/entity/Q151754,"Anne, Princess Royal","Anne Elizabeth Alice Louise Mountbatten-Windsor, Princess Royal of the United Kingdom"
http://www.wikidata.org/entity/Q151754,"Anne, Princess Royal",Anne Mountbatten-Windsor
http://www.wikidata.org/entity/Q151754,"Anne, Princess Royal",Princess Anne Elizabeth Alice Louise of Edinburgh
http://www.wikidata.org/entity/Q151754,"Anne, Princess Royal","Princess Anne Elizabeth Alice Louise, Princess Royal"
http://www.wikidata.org/entity/Q151754,"Anne, Princess Royal",Princess Anne of Edinburgh
http://www.wikidata.org/entity/Q151754,"Anne, Princess Royal","Princess Anne, Princess Royal"
http://www.wikidata.org/entity/Q151754,"Anne, Princess Royal","Princess Anne, The Princess Royal"
http://www.wikidata.org/entity/Q151754,"Anne, Princess Royal","The Princess Anne Elizabeth Alice Louise, Princess Royal"
http://www.wikidata.org/entity/Q151754,"Anne, Princess Royal","The Princess Anne, Princess Royal"
http://www.wikidata.org/entity/Q147663,Zara Tindall,Zara Phillips
http://www.wikidata.org/entity/Q150747,Wilhelmina of the Netherlands,Queen Wilhelmina
http://www.wikidata.org/entity/Q150747,Wilhelmina of the Netherlands,Wilhelmina
http://www.wikidata.org/entity/Q150747,Wilhelmina of the Netherlands,Queen Wilhelmina of the Netherlands
http://www.wikidata.org/entity/Q150747,Wilhelmina of the Netherlands,Princess Wilhelmina of the Netherlands
http://www.wikidata.org/entity/Q150747,Wilhelmina of the Netherlands,Princess Wilhelmina of The Netherlands
http://www.wikidata.org/entity/Q150747,Wilhelmina of the Netherlands,Wilhelmina I
http://www.wikidata.org/entity/Q150747,Wilhelmina of the Netherlands,Wilhelmina Koningin der Nederlanden
http://www.wikidata.org/entity/Q151312,Frederik IX of Denmark,Frederick IX
http://www.wikidata.org/entity/Q151312,Frederik IX of Denmark,Christian Frederik Franz Michael Carl Valdemar Georg
http://www.wikidata.org/entity/Q151312,Frederik IX of Denmark,Frederik IX
http://www.wikidata.org/entity/Q151312,Frederik IX of Denmark,King Frederick IX of Denmark
http://www.wikidata.org/entity/Q151312,Frederik IX of Denmark,King Frederik IX of Denmark
http://www.wikidata.org/entity/Q151742,Alexander of Greece,Alexander I of Greece
http://www.wikidata.org/entity/Q151773,Constantine II of Greece,Konstantinos II
http://www.wikidata.org/entity/Q151773,Constantine II of Greece,Constantine 2 of Greece
http://www.wikidata.org/entity/Q151773,Constantine II of Greece,Constantine Glucksburg
http://www.wikidata.org/entity/Q151773,Constantine II of Greece,Constantine II
http://www.wikidata.org/entity/Q151773,Constantine II of Greece,Constantino de Grecia
http://www.wikidata.org/entity/Q151773,Constantine II of Greece,King Constantine
http://www.wikidata.org/entity/Q151773,Constantine II of Greece,Konstantinos 2
http://www.wikidata.org/entity/Q151773,Constantine II of Greece,Konstantínos 2
http://www.wikidata.org/entity/Q151773,Constantine II of Greece,Konstantínos II
http://www.wikidata.org/entity/Q151773,Constantine II of Greece,Konstantinos II of Greece
http://www.wikidata.org/entity/Q151773,Constantine II of Greece,"Konstantinos II zu Schleswig-Holstein-Sonderburg-Glücksburg, King of the Hellenes"
http://www.wikidata.org/entity/Q152099,Constantine I of Greece,Constantine I
http://www.wikidata.org/entity/Q152099,Constantine I of Greece,Constantine Oldenburg I
http://www.wikidata.org/entity/Q152099,Constantine I of Greece,King Constantine I
http://www.wikidata.org/entity/Q152099,Constantine I of Greece,King Constantine I of Greece
http://www.wikidata.org/entity/Q152099,Constantine I of Greece,Konstantinos I of Greece
http://www.wikidata.org/entity/Q152316,"Prince Harry, Duke of Sussex",Prince Henry
http://www.wikidata.org/entity/Q152316,"Prince Harry, Duke of Sussex",Henry Windsor
http://www.wikidata.org/entity/Q152316,"Prince Harry, Duke of Sussex",Prince Henry of Wales
http://www.wikidata.org/entity/Q152316,"Prince Harry, Duke of Sussex",Captain Wales
http://www.wikidata.org/entity/Q152316,"Prince Harry, Duke of Sussex",Harry Sussex
http://www.wikidata.org/entity/Q152316,"Prince Harry, Duke of Sussex",Harry Wales
http://www.wikidata.org/entity/Q152316,"Prince Harry, Duke of Sussex",Harry Windsor
http://www.wikidata.org/entity/Q152316,"Prince Harry, Duke of Sussex",Henry Charles Albert David
http://www.wikidata.org/entity/Q152316,"Prince Harry, Duke of Sussex",Henry Sussex
http://www.wikidata.org/entity/Q152316,"Prince Harry, Duke of Sussex",Henry Wales
http://www.wikidata.org/entity/Q152316,"Prince Harry, Duke of Sussex",Prince Harry
http://www.wikidata.org/entity/Q152316,"Prince Harry, Duke of Sussex",Prince Harry of Wales
http://www.wikidata.org/entity/Q152316,"Prince Harry, Duke of Sussex",Prince Henry Charles Albert David
http://www.wikidata.org/entity/Q152316,"Prince Harry, Duke of Sussex","Prince Henry, Duke of Sussex"
http://www.wikidata.org/entity/Q152316,"Prince Harry, Duke of Sussex","Prince Henry, Duke of Sussex, KCVO"
http://www.wikidata.org/entity/Q152316,"Prince Harry, Duke of Sussex","The Prince Henry, Duke of Sussex"
http://www.wikidata.org/entity/Q152316,"Prince Harry, Duke of Sussex",Prince Henry Charles Albert
http://www.wikidata.org/entity/Q152935,George II of Greece,King George II of Greece
http://www.wikidata.org/entity/Q153330,Andrew Mountbatten-Windsor,Andrew Albert Christian Edward
http://www.wikidata.org/entity/Q153330,Andrew Mountbatten-Windsor,Baron Killyleagh
http://www.wikidata.org/entity/Q153330,Andrew Mountbatten-Windsor,Prince Andrew
http://www.wikidata.org/entity/Q153330,Andrew Mountbatten-Windsor,"Prince Andrew, Duke of York"
http://www.wikidata.org/entity/Q153815,"Princess Margaret, Countess of Snowdon",Margaret York
http://www.wikidata.org/entity/Q153815,"Princess Margaret, Countess of Snowdon",Margaret Windsor
http://www.wikidata.org/entity/Q153815,"Princess Margaret, Countess of Snowdon",Margaret Rose
http://www.wikidata.org/entity/Q153330,Andrew Mountbatten-Windsor,Earl of Inverness
http://www.wikidata.org/entity/Q153330,Andrew Mountbatten-Windsor,Randy Andy
http://www.wikidata.org/entity/Q153330,Andrew Mountbatten-Windsor,Prince Andrew of the United Kingdom
http://www.wikidata.org/entity/Q153330,Andrew Mountbatten-Windsor,Andrew Albert Christian Edward Mountbatten-Windsor
http://www.wikidata.org/entity/Q154946,Juliana of the Netherlands,Julijana
http://www.wikidata.org/entity/Q154946,Juliana of the Netherlands,Juliana der Nederlanden
http://www.wikidata.org/entity/Q154946,Juliana of the Netherlands,Juliana I of the Netherlands
http://www.wikidata.org/entity/Q154946,Juliana of the Netherlands,Juliana Louise Emma Marie Wilhelmina
http://www.wikidata.org/entity/Q154946,Juliana of the Netherlands,Juliana Louise Emma Marie Wilhelmina of the Netherlands
http://www.wikidata.org/entity/Q154946,Juliana of the Netherlands,Princess Juliana Louise Emma Marie Wilhelmina of the Netherlands
http://www.wikidata.org/entity/Q154946,Juliana of the Netherlands,Princess Juliana of the Netherlands
http://www.wikidata.org/entity/Q154946,Juliana of the Netherlands,Queen Juliana
http://www.wikidata.org/entity/Q154946,Juliana of the Netherlands,Queen Juliana Louise Emma Marie Wilhelmina of the Netherlands
http://www.wikidata.org/entity/Q154946,Juliana of the Netherlands,Queen Juliana of the Netherlands
http://www.wikidata.org/entity/Q154308,Manuel II of Portugal,Manuel II
http://www.wikidata.org/entity/Q154308,Manuel II of Portugal,Manuel the Patriot
http://www.wikidata.org/entity/Q154308,Manuel II of Portugal,Manuel the Unfortunate
http://www.wikidata.org/entity/Q154920,"Prince Edward, Duke of Edinburgh",Prince Edward
http://www.wikidata.org/entity/Q154920,"Prince Edward, Duke of Edinburgh",Edward Antony Richard Louis
http://www.wikidata.org/entity/Q154920,"Prince Edward, Duke of Edinburgh","Edward Antony Richard Louis Mountbatten-Windsor, 1st Earl of Wessex"
http://www.wikidata.org/entity/Q154920,"Prince Edward, Duke of Edinburgh",Edward Mountbatten-Windsor
http://www.wikidata.org/entity/Q154920,"Prince Edward, Duke of Edinburgh",Prince Edward Antony Richard Louis of the United Kingdom
http://www.wikidata.org/entity/Q154920,"Prince Edward, Duke of Edinburgh",Prince Edward of the United Kingdom
http://www.wikidata.org/entity/Q154920,"Prince Edward, Duke of Edinburgh",The Prince Edward Antony Richard Louis of the United Kingdom
http://www.wikidata.org/entity/Q154920,"Prince Edward, Duke of Edinburgh","The Prince Edward Antony Richard Louis, Earl of Wessex and Forfar"
http://www.wikidata.org/entity/Q154920,"Prince Edward, Duke of Edinburgh",The Prince Edward of the United Kingdom
http://www.wikidata.org/entity/Q154920,"Prince Edward, Duke of Edinburgh","The Prince Edward, Earl of Wessex and Forfar"
http://www.wikidata.org/entity/Q155394,Paul of Greece,King Paul I of Greece
http://www.wikidata.org/entity/Q155394,Paul of Greece,King Paul of Greece
http://www.wikidata.org/entity/Q155394,Paul of Greece,King Pavlos I of Greece
http://www.wikidata.org/entity/Q155394,Paul of Greece,Paul I of Greece
http://www.wikidata.org/entity/Q155394,Paul of Greece,Pavlos I of Greece
http://www.wikidata.org/entity/Q155822,Sophia of Prussia,Queen Sophia of Greece
http://www.wikidata.org/entity/Q155822,Sophia of Prussia,"Queen Sophia, Queen Consort of Greece"
http://www.wikidata.org/entity/Q154952,William Alexander of the Netherlands,King Willem-Alexander
http://www.wikidata.org/entity/Q154952,William Alexander of the Netherlands,King Willem-Alexander of the Netherlands
http://www.wikidata.org/entity/Q154952,William Alexander of the Netherlands,"Prince Willem-Alexander Claus George Ferdinand of the Netherlands, Prince of Orange-Nassau, Jonkheer van Amsberg"
http://www.wikidata.org/entity/Q154952,William Alexander of the Netherlands,Prince Willem-Alexander of Amsberg
http://www.wikidata.org/entity/Q154952,William Alexander of the Netherlands,"Prince Willem-Alexander of the Netherlands, Prince of Orange-Nassau, Jonkheer van Amsberg"
http://www.wikidata.org/entity/Q154952,William Alexander of the Netherlands,Prince William-Alexander of the Netherlands
http://www.wikidata.org/entity/Q154952,William Alexander of the Netherlands,W.A. van Buren
http://www.wikidata.org/entity/Q154952,William Alexander of the Netherlands,Wilem van Amsberg
http://www.wikidata.org/entity/Q154952,William Alexander of the Netherlands,Willem IV of the Netherlands
http://www.wikidata.org/entity/Q154952,William Alexander of the Netherlands,"Willem-Alexander Claus George Ferdinand, Prince of Orange"
http://www.wikidata.org/entity/Q154952,William Alexander of the Netherlands,Willem-Alexander Prins van Oranje-Nassau Koning der Nederlanden
http://www.wikidata.org/entity/Q154952,William Alexander of the Netherlands,Willem-Alexander van Amsberg
http://www.wikidata.org/entity/Q154952,William Alexander of the Netherlands,Willem-Alexander van Oranje-Nassau
http://www.wikidata.org/entity/Q154952,William Alexander of the Netherlands,"Willem-Alexander, Prince of Orange"
http://www.wikidata.org/entity/Q154952,William Alexander of the Netherlands,ZM Koning Willem-Alexander
http://www.wikidata.org/entity/Q156531,Prince Andrew of Greece and Denmark,Andrew of Greece and Denmark
http://www.wikidata.org/entity/Q156548,Queen Sofía of Spain,Princess Sophia of Greece and Denmark
http://www.wikidata.org/entity/Q156548,Queen Sofía of Spain,Queen Sofía
http://www.wikidata.org/entity/Q156548,Queen Sofía of Spain,Queen Sofia of Spain
http://www.wikidata.org/entity/Q156548,Queen Sofía of Spain,"Queen Sofía, Queen Consort of Spain"
http://www.wikidata.org/entity/Q155178,Olga Constantinovna of Russia,Olga of Greece
http://www.wikidata.org/entity/Q155178,Olga Constantinovna of Russia,Queen Olga of Greece
http://www.wikidata.org/entity/Q155203,"Sophie, Duchess of Edinburgh",Sophie Edinburgh
http://www.wikidata.org/entity/Q155203,"Sophie, Duchess of Edinburgh","Sophie Helen, Countess of Wessex and Forfar"
http://www.wikidata.org/entity/Q155203,"Sophie, Duchess of Edinburgh","Sophie Helen, Duchess of Edinburgh"
http://www.wikidata.org/entity/Q155203,"Sophie, Duchess of Edinburgh",Sophie Rhys-Jones
http://www.wikidata.org/entity/Q155203,"Sophie, Duchess of Edinburgh",Sophie Wessex
http://www.wikidata.org/entity/Q156617,Christian X of Denmark,Christian X
http://www.wikidata.org/entity/Q156617,Christian X of Denmark,Christian Carl Frederik Albert Alexander Vilhelm
http://www.wikidata.org/entity/Q157068,"Louis Mountbatten, 1st Earl Mountbatten of Burma",Prince Louis of Battenberg
http://www.wikidata.org/entity/Q157068,"Louis Mountbatten, 1st Earl Mountbatten of Burma",Adm. Louis Francis Albert Victor Nicholas George Mountbatten
http://www.wikidata.org/entity/Q157068,"Louis Mountbatten, 1st Earl Mountbatten of Burma",Lord Louis Mountbatten
http://www.wikidata.org/entity/Q157068,"Louis Mountbatten, 1st Earl Mountbatten of Burma",Lord Mountbatten
http://www.wikidata.org/entity/Q157068,"Louis Mountbatten, 1st Earl Mountbatten of Burma","Louis Francis Albert Victor Nicholas Mountbatten, 1st Earl Mountbatten of Burma"
http://www.wikidata.org/entity/Q157068,"Louis Mountbatten, 1st Earl Mountbatten of Burma",Louis Mountbatten
http://www.wikidata.org/entity/Q157068,"Louis Mountbatten, 1st Earl Mountbatten of Burma",The Earl Mountbatten of Burma
http://www.wikidata.org/entity/Q158140,Princess Beatrice of the United Kingdom,Princess Beatrice
http://www.wikidata.org/entity/Q158874,Carlos I of Portugal,Carlos de Bragança
http://www.wikidata.org/entity/Q158874,Carlos I of Portugal,"Carlos I, King of Portugal"
http://www.wikidata.org/entity/Q158874,Carlos I of Portugal,Carlos the Diplomat
http://www.wikidata.org/entity/Q158874,Carlos I of Portugal,Carlos the Martyr
http://www.wikidata.org/entity/Q158874,Carlos I of Portugal,King of Portugal Carlos Ferdinand-Louis-Marie-Francois d'Assise
http://www.wikidata.org/entity/Q158874,Carlos I of Portugal,King of Portugal Carlos I
http://www.wikidata.org/entity/Q158874,Carlos I of Portugal,King of Portugal Charles I
http://www.wikidata.org/entity/Q159101,Prince Joachim of Denmark,"Joachim Holger Valdemar Christian, Prince of Denmark"
http://www.wikidata.org/entity/Q159101,Prince Joachim of Denmark,Joachim Holger Waldemar Christian
http://www.wikidata.org/entity/Q159101,Prince Joachim of Denmark,"Prince Joachim of Denmark, Count of Monpezat"
http://www.wikidata.org/entity/Q160001,Victoria Eugenie of Battenberg,Victoria Eugenie Julia Ena of Battenberg
http://www.wikidata.org/entity/Q160001,Victoria Eugenie of Battenberg,"Victoria Eugenie, Queen of Spain"
http://www.wikidata.org/entity/Q160495,"Christian, Crown Prince of Denmark",Christian Valdemar Henri John
http://www.wikidata.org/entity/Q160495,"Christian, Crown Prince of Denmark","Christian Valdemar Henri John, Crown Prince of Denmark"
http://www.wikidata.org/entity/Q160495,"Christian, Crown Prince of Denmark","Christian Valdemar Henri John, Crown Prince of Denmark, Count of Monpezat"
http://www.wikidata.org/entity/Q160495,"Christian, Crown Prince of Denmark","Christian, Crown Prince of Denmark, Count of Monpezat"
http://www.wikidata.org/entity/Q160495,"Christian, Crown Prince of Denmark","Prince Christian of Denmark, Count of Monpezat"
http://www.wikidata.org/entity/Q160495,"Christian, Crown Prince of Denmark",Prins Christian til Danmark
http://www.wikidata.org/entity/Q160770,"Prince George, Duke of Kent",George Kent
http://www.wikidata.org/entity/Q160770,"Prince George, Duke of Kent",George of Wales
http://www.wikidata.org/entity/Q160770,"Prince George, Duke of Kent",Prince George of Wales
http://www.wikidata.org/entity/Q159609,Prince Claus of the Netherlands,Claus van Amsberg
http://www.wikidata.org/entity/Q159609,Prince Claus of the Netherlands,Claus von Amsberg
http://www.wikidata.org/entity/Q159609,Prince Claus of the Netherlands,Klaus von Amsberg
http://www.wikidata.org/entity/Q159609,Prince Claus of the Netherlands,Klaus-Georg Wilhelm Otto Friedrich Gerd von Amsberg
http://www.wikidata.org/entity/Q159609,Prince Claus of the Netherlands,"Prince Claus of the Netherlands, Jonkheer van Amsberg"
http://www.wikidata.org/entity/Q159609,Prince Claus of the Netherlands,"Claus, Prince Consort of the Netherlands"
http://www.wikidata.org/entity/Q160001,Victoria Eugenie of Battenberg,Ena
http://www.wikidata.org/entity/Q160001,Victoria Eugenie of Battenberg,Princess Ena
http://www.wikidata.org/entity/Q160001,Victoria Eugenie of Battenberg,Princess Victoria Eugenie of Battenberg
http://www.wikidata.org/entity/Q160001,Victoria Eugenie of Battenberg,Queen Victoria Eugenie of Spain
http://www.wikidata.org/entity/Q161247,Augusta Victoria of Schleswig-Holstein,Augusta Viktoria
http://www.wikidata.org/entity/Q161247,Augusta Victoria of Schleswig-Holstein,Augusta Viktoria of Schleswig-Holstein
http://www.wikidata.org/entity/Q161247,Augusta Victoria of Schleswig-Holstein,Auguste Viktoria of Schleswig-Holstein
http://www.wikidata.org/entity/Q162177,Helen of Greece and Denmark,Queen Helen
http://www.wikidata.org/entity/Q162177,Helen of Greece and Denmark,"Helen, Queen Mother of Romania"
http://www.wikidata.org/entity/Q162177,Helen of Greece and Denmark,"Helen, The Queen Mother of Romania"
http://www.wikidata.org/entity/Q162177,Helen of Greece and Denmark,"Queen Elena, The Queen Mother of Romania"
http://www.wikidata.org/entity/Q162177,Helen of Greece and Denmark,"Queen Elena, The Queen Mother of Romania, Princess of Greece and Denmark"
http://www.wikidata.org/entity/Q162177,Helen of Greece and Denmark,"Queen Helen, Queen Mother of Romania"
http://www.wikidata.org/entity/Q162177,Helen of Greece and Denmark,"Queen Helen, Queen Mother of Romania, Princess of Greece and Denmark"
http://www.wikidata.org/entity/Q162177,Helen of Greece and Denmark,"Queen Helen, The Queen Mother of Romania"
http://www.wikidata.org/entity/Q162177,Helen of Greece and Denmark,"Queen Helen, The Queen Mother of Romania, Princess of Greece and Denmark"
http://www.wikidata.org/entity/Q163010,Ingrid of Sweden,Ingrid of Sweden
http://www.wikidata.org/entity/Q163010,Ingrid of Sweden,Ingrid Victoria Sofia Louise Margareta
http://www.wikidata.org/entity/Q163010,Ingrid of Sweden,"Ingrid, Queen of Denmark"
http://www.wikidata.org/entity/Q163010,Ingrid of Sweden,Princess Ingrid of Sweden
http://www.wikidata.org/entity/Q163010,Ingrid of Sweden,Queen Ingrid
http://www.wikidata.org/entity/Q164500,Princess Victoria Melita of Saxe-Coburg and Gotha,Ducky
http://www.wikidata.org/entity/Q160770,"Prince George, Duke of Kent",George Edward Alexander Edmund of Wales
http://www.wikidata.org/entity/Q160770,"Prince George, Duke of Kent","George Edward Alexander Edmund, Duke of Kent"
http://www.wikidata.org/entity/Q160770,"Prince George, Duke of Kent","George, Duke of Kent"
http://www.wikidata.org/entity/Q160770,"Prince George, Duke of Kent",Prince George Edward Alexander Edmund of Wales
http://www.wikidata.org/entity/Q160770,"Prince George, Duke of Kent","Prince George Edward Alexander Edmund, Duke of Kent"
http://www.wikidata.org/entity/Q160770,"Prince George, Duke of Kent",The Prince George Edward Alexander Edmund of the United Kingdom
http://www.wikidata.org/entity/Q160770,"Prince George, Duke of Kent","The Prince George Edward Alexander Edmund, Duke of Kent"
http://www.wikidata.org/entity/Q160770,"Prince George, Duke of Kent",The Prince George of the United Kingdom
http://www.wikidata.org/entity/Q160770,"Prince George, Duke of Kent","The Prince George, Duke of Kent"
http://www.wikidata.org/entity/Q160948,Grand Duke Kirill Vladimirovich of Russia,"Cyril Vladimirovich, Grand Duke of Russia"
http://www.wikidata.org/entity/Q161247,Augusta Victoria of Schleswig-Holstein,Augusta Victoria
http://www.wikidata.org/entity/Q161247,Augusta Victoria of Schleswig-Holstein,"Augusta Victoria, Empress of Germany"
http://www.wikidata.org/entity/Q164500,Princess Victoria Melita of Saxe-Coburg and Gotha,Grand Duchess Victoria Feodorovna of Russia
http://www.wikidata.org/entity/Q164500,Princess Victoria Melita of Saxe-Coburg and Gotha,Princess Victoria Melita of Edinburgh
http://www.wikidata.org/entity/Q164500,Princess Victoria Melita of Saxe-Coburg and Gotha,Victoria Feodorovna of Russia
http://www.wikidata.org/entity/Q164500,Princess Victoria Melita of Saxe-Coburg and Gotha,Victoria Melita
http://www.wikidata.org/entity/Q164500,Princess Victoria Melita of Saxe-Coburg and Gotha,Victoria Melita of Edinburgh
http://www.wikidata.org/entity/Q164500,Princess Victoria Melita of Saxe-Coburg and Gotha,Victoria Melita of Saxe-Coburg-Gotha
http://www.wikidata.org/entity/Q164500,Princess Victoria Melita of Saxe-Coburg and Gotha,"Victoria Melita, Grand Duchess of Hesse and the Rhine"
http://www.wikidata.org/entity/Q165657,Princess Beatrice of York,Princess Beatrice
http://www.wikidata.org/entity/Q165657,Princess Beatrice of York,Bea York
http://www.wikidata.org/entity/Q165657,Princess Beatrice of York,"Beatrice Elizabeth Mary Mountbatten-Windsor, Princess of York"
http://www.wikidata.org/entity/Q165657,Princess Beatrice of York,Beatrice York
http://www.wikidata.org/entity/Q165657,Princess Beatrice of York,H.R.H. Princess Beatrice of York
http://www.wikidata.org/entity/Q165657,Princess Beatrice of York,Princess Beatrice Elizabeth Mary of York
http://www.wikidata.org/entity/Q165657,Princess Beatrice of York,"Princess Beatrice Elizabeth Mary, Mrs Mapelli Mozzi"
http://www.wikidata.org/entity/Q165657,Princess Beatrice of York,"Princess Beatrice Elizabeth Mary, Mrs. Mapelli Mozzi"
http://www.wikidata.org/entity/Q165657,Princess Beatrice of York,"Princess Beatrice, Mrs Edoardo Mapelli Mozzi"
http://www.wikidata.org/entity/Q165657,Princess Beatrice of York,"Princess Beatrice, Mrs Mapelli Mozzi"
http://www.wikidata.org/entity/Q165657,Princess Beatrice of York,"Princess Beatrice, Mrs. Edoardo Mapelli Mozzi"
http://www.wikidata.org/entity/Q165657,Princess Beatrice of York,"Princess Beatrice, Mrs. Mapelli Mozzi"
http://www.wikidata.org/entity/Q165709,Princess Eugenie of York,Eugenie Victoria Helena
http://www.wikidata.org/entity/Q165709,Princess Eugenie of York,Eugenie Victoria Helena Mountbatten-Windsor
http://www.wikidata.org/entity/Q165709,Princess Eugenie of York,Her Royal Highness Princess Eugenie of York
http://www.wikidata.org/entity/Q165709,Princess Eugenie of York,Princess Eugenie
http://www.wikidata.org/entity/Q165709,Princess Eugenie of York,Princess Eugenie Victoria Helena of York
http://www.wikidata.org/entity/Q165709,Princess Eugenie of York,"Princess Eugenie, Mrs Brooksbank"
http://www.wikidata.org/entity/Q158140,Princess Beatrice of the United Kingdom,Beatrice Mary Victoria Feodore
http://www.wikidata.org/entity/Q158140,Princess Beatrice of the United Kingdom,Princess Beatrice Mary Victoria Feodore of the United Kingdom
http://www.wikidata.org/entity/Q158140,Princess Beatrice of the United Kingdom,Princess Beatrice of Battenberg
http://www.wikidata.org/entity/Q158140,Princess Beatrice of the United Kingdom,Princess Henry of Battenberg
http://www.wikidata.org/entity/Q158140,Princess Beatrice of the United Kingdom,The Princess Beatrice
http://www.wikidata.org/entity/Q158258,"Prince Edward, Duke of Kent",Prince Edward
http://www.wikidata.org/entity/Q158258,"Prince Edward, Duke of Kent",Duke of Kent
http://www.wikidata.org/entity/Q158258,"Prince Edward, Duke of Kent","Edward George Nicholas Paul Patrick Windsor, 2nd Duke of Kent"
http://www.wikidata.org/entity/Q158258,"Prince Edward, Duke of Kent",Edward Kent
http://www.wikidata.org/entity/Q158258,"Prince Edward, Duke of Kent",His Royal Highness The Duke of Kent
http://www.wikidata.org/entity/Q158258,"Prince Edward, Duke of Kent",Prince Edward of Kent
http://www.wikidata.org/entity/Q158258,"Prince Edward, Duke of Kent",The Duke of Kent
http://www.wikidata.org/entity/Q170184,Princess Marina of Greece and Denmark,"Princess Marina of Greece and Denmark, Duchess of Kent"
http://www.wikidata.org/entity/Q170184,Princess Marina of Greece and Denmark,"Princess Marina of Greece and Denmark, The Duchess of Kent"
http://www.wikidata.org/entity/Q170184,Princess Marina of Greece and Denmark,"Princess Marina, The Duchess Of Kent"
http://www.wikidata.org/entity/Q170191,"Princess Alexandra, Lady Ogilvy",Alexandra Helen Elizabeth Olga Christabel
http://www.wikidata.org/entity/Q170191,"Princess Alexandra, Lady Ogilvy",Alexandra Helen Elizabeth Olga Christabel Windsor
http://www.wikidata.org/entity/Q170191,"Princess Alexandra, Lady Ogilvy",Alexandra Kent
http://www.wikidata.org/entity/Q170191,"Princess Alexandra, Lady Ogilvy",Alexandra Windsor
http://www.wikidata.org/entity/Q170191,"Princess Alexandra, Lady Ogilvy",HRH Princess Alexandra of Kent
http://www.wikidata.org/entity/Q170191,"Princess Alexandra, Lady Ogilvy",Princess Alexandra Helen Elizabeth Olga Christabel of Kent
http://www.wikidata.org/entity/Q170191,"Princess Alexandra, Lady Ogilvy","Princess Alexandra, The Hon. Lady Ogilvy"
http://www.wikidata.org/entity/Q170191,"Princess Alexandra, Lady Ogilvy","Princess Alexandra, The Honourable Lady Ogilvy"
http://www.wikidata.org/entity/Q170194,"Princess Astrid, Archduchess of Austria-Este",Astrid of Belgium
http://www.wikidata.org/entity/Q170294,"Prince Richard, Duke of Gloucester",Prince Richard Alexander Walter George of Gloucester
http://www.wikidata.org/entity/Q170294,"Prince Richard, Duke of Gloucester","Prince Richard Alexander Walter George, Duke of Gloucester"
http://www.wikidata.org/entity/Q170294,"Prince Richard, Duke of Gloucester",Prince Richard of Gloucester
http://www.wikidata.org/entity/Q170294,"Prince Richard, Duke of Gloucester",Richard Alexander Walter George
http://www.wikidata.org/entity/Q170294,"Prince Richard, Duke of Gloucester",Richard Gloucester
http://www.wikidata.org/entity/Q170294,"Prince Richard, Duke of Gloucester",Richard Windsor
http://www.wikidata.org/entity/Q170294,"Prince Richard, Duke of Gloucester","Richard Alexander Walter George Windsor, 2nd Duke of Gloucester"
http://www.wikidata.org/entity/Q170396,Prince George of Greece and Denmark,Prince Georgios of Greece and Denmark
http://www.wikidata.org/entity/Q177769,Princess Feodora of Saxe-Meiningen,Feodora de Saxonia-Meiningen
http://www.wikidata.org/entity/Q177769,Princess Feodora of Saxe-Meiningen,Feodora de Saxònia-Meiningen
http://www.wikidata.org/entity/Q177769,Princess Feodora of Saxe-Meiningen,Feodora of Saxe-Meiningen
http://www.wikidata.org/entity/Q177769,Princess Feodora of Saxe-Meiningen,Feodora Viktoria Auguste Marie Marianne of Saxe-Meiningen
http://www.wikidata.org/entity/Q177769,Princess Feodora of Saxe-Meiningen,Princess Feodora Viktoria Auguste Marie Marianne of Saxe-Meiningen
http://www.wikidata.org/entity/Q198780,Bertrand de Orléans e Bragança,Bertrand of Orleans-Braganza
http://www.wikidata.org/entity/Q198780,Bertrand de Orléans e Bragança,Dom Beltrão de Orléans-Bragança e Wittelsbach
http://www.wikidata.org/entity/Q201589,Queen Letizia of Spain,Letizia of Spain
http://www.wikidata.org/entity/Q201589,Queen Letizia of Spain,Letizia Ortiz
http://www.wikidata.org/entity/Q201589,Queen Letizia of Spain,Letizia Ortiz Rocasolano
http://www.wikidata.org/entity/Q201589,Queen Letizia of Spain,"Letizia, Princess of Asturias."
http://www.wikidata.org/entity/Q201589,Queen Letizia of Spain,"Letzia, Queen of Spain"
http://www.wikidata.org/entity/Q165709,Princess Eugenie of York,"Princess Eugenie, Mrs Jack Brooksbank"
http://www.wikidata.org/entity/Q167423,Alexandra of Yugoslavia,Alexandra of Greece
http://www.wikidata.org/entity/Q167423,Alexandra of Yugoslavia,"Alexandra of Greece, Queen of Yugoslavia"
http://www.wikidata.org/entity/Q167423,Alexandra of Yugoslavia,Alexandra Oldenburg Karadjordjevic
http://www.wikidata.org/entity/Q168674,Sophie of Württemberg,Princess Sophie of Württemberg
http://www.wikidata.org/entity/Q168674,Sophie of Württemberg,Queen Sophie of the Netherlands
http://www.wikidata.org/entity/Q168674,Sophie of Württemberg,"Queen Sophie, Queen Consort of the Netherlands"
http://www.wikidata.org/entity/Q168674,Sophie of Württemberg,Sofia Federica di Württemberg
http://www.wikidata.org/entity/Q168674,Sophie of Württemberg,"Sophie, Queen Consort of the Netherlands"
http://www.wikidata.org/entity/Q191045,Felipe VI of Spain,Felipe Juan Pablo Alfonso de Todos los Santos de Borbón y Grecia
http://www.wikidata.org/entity/Q191045,Felipe VI of Spain,Felipe VI
http://www.wikidata.org/entity/Q191045,Felipe VI of Spain,Philip John Paul Alphonse of All Saints of Bourbon
http://www.wikidata.org/entity/Q191045,Felipe VI of Spain,Philip VI of Spain
http://www.wikidata.org/entity/Q208615,Queen Mary of Denmark,Crown Princess Mary of Denmark
http://www.wikidata.org/entity/Q208615,Queen Mary of Denmark,H. M Queen Mary Elizabeth of Denmark
http://www.wikidata.org/entity/Q208615,Queen Mary of Denmark,H.R.H. Crown Princess Mary Elizabeth of Denmark
http://www.wikidata.org/entity/Q208615,Queen Mary of Denmark,Mary Donaldson
http://www.wikidata.org/entity/Q208615,Queen Mary of Denmark,Mary Elizabeth Donaldson
http://www.wikidata.org/entity/Q208615,Queen Mary of Denmark,"Mary, Crown Princess of Denmark, Countess of Monpezat"
http://www.wikidata.org/entity/Q208615,Queen Mary of Denmark,Queen Mary Elizabeth of Denmark
http://www.wikidata.org/entity/Q208615,Queen Mary of Denmark,"Queen Mary Elizabeth, Queen Consort of Denmark"
http://www.wikidata.org/entity/Q208615,Queen Mary of Denmark,"Queen Mary Elizabeth, The Queen Consort of Denmark"
http://www.wikidata.org/entity/Q208615,Queen Mary of Denmark,"Queen Mary, Queen Consort of Denmark"
http://www.wikidata.org/entity/Q208615,Queen Mary of Denmark,"Queen Mary, The Queen Consort of Denmark"
http://www.wikidata.org/entity/Q214369,"Leonor, Princess of Asturias",Infanta Leonor of Spain
http://www.wikidata.org/entity/Q214369,"Leonor, Princess of Asturias",Leonor de Todos los Santos de Borbón y Ortiz
http://www.wikidata.org/entity/Q214369,"Leonor, Princess of Asturias",Princess Leonor
http://www.wikidata.org/entity/Q215791,"Friedrich Franz, Hereditary Grand Duke of Mecklenburg-Schwerin",Friedrich Franz V Erbgroßherzog von Mecklenburg-Schwerin
http://www.wikidata.org/entity/Q217504,"Thyra, Crown Princess of Hanover",Princess Thyra Amalie Caroline Charlotte Anna of Denmark
http://www.wikidata.org/entity/Q217504,"Thyra, Crown Princess of Hanover",Princess Thyra of Denmark
http://www.wikidata.org/entity/Q223183,Peter II of Yugoslavia,Petar II Karađorđević
http://www.wikidata.org/entity/Q169902,"Prince Aimone, 4th Duke of Aosta","Aimoe di Savoia-Aoste, Principe di Savoia"
http://www.wikidata.org/entity/Q169902,"Prince Aimone, 4th Duke of Aosta","Prince Aimone, Duke of Aosta"
http://www.wikidata.org/entity/Q170160,Prince Nicholas of Greece and Denmark,Prince Nikolaos of Greece and Denmark
http://www.wikidata.org/entity/Q212897,Carol II of Romania,Charles II
http://www.wikidata.org/entity/Q212897,Carol II of Romania,Carol II
http://www.wikidata.org/entity/Q230580,Infanta Cristina of Spain,Infanta Cristina
http://www.wikidata.org/entity/Q230580,Infanta Cristina of Spain,Cristina Federica Victoria Antonia de la Santísima Trinidad de Borbón y Grecia
http://www.wikidata.org/entity/Q230580,Infanta Cristina of Spain,"Cristina Federica Victoria de Borbón y Grecia, Infanta de España"
http://www.wikidata.org/entity/Q231463,Duchess Marie of Mecklenburg-Schwerin,Grand Duchess Maria Pavlovna of Russia
http://www.wikidata.org/entity/Q231463,Duchess Marie of Mecklenburg-Schwerin,Maria Pavlovna of Russia
http://www.wikidata.org/entity/Q231463,Duchess Marie of Mecklenburg-Schwerin,Maria Pavlovna the Elder
http://www.wikidata.org/entity/Q231463,Duchess Marie of Mecklenburg-Schwerin,Marie of Mecklenburg-Schwerin
http://www.wikidata.org/entity/Q231895,Princess Marie of Denmark,Marie Agathe Odile
http://www.wikidata.org/entity/Q231895,Princess Marie of Denmark,Marie Agathe Odile Cavallier
http://www.wikidata.org/entity/Q231895,Princess Marie of Denmark,Marie Cavallier
http://www.wikidata.org/entity/Q231895,Princess Marie of Denmark,Princess Marie Agathe Odile of Denmark
http://www.wikidata.org/entity/Q231895,Princess Marie of Denmark,"Princess Marie of Denmark, Countess of Monpezat"
http://www.wikidata.org/entity/Q231895,Princess Marie of Denmark,"Princess Marie, Countess of Monpezat"
http://www.wikidata.org/entity/Q232159,Grand Duchess Anastasia Mikhailovna of Russia,Anastasia Mikhailovna of Russia
http://www.wikidata.org/entity/Q232159,Grand Duchess Anastasia Mikhailovna of Russia,"Anastasia Mikhailovna, Grand Duchess of Mecklenburg-Schwerin"
http://www.wikidata.org/entity/Q232159,Grand Duchess Anastasia Mikhailovna of Russia,"Anastasia, Grand Duchess of Mecklenburg-Schwerin"
http://www.wikidata.org/entity/Q232728,Princess Alexandra of Greece and Denmark,Alexandra Georgievna of Russia
http://www.wikidata.org/entity/Q232728,Princess Alexandra of Greece and Denmark,Alexandra of Greece and Denmark
http://www.wikidata.org/entity/Q232728,Princess Alexandra of Greece and Denmark,"Grand Duchess Alexandra Georgievna, Grand Duchess Pavlovna of Russia"
http://www.wikidata.org/entity/Q232732,Princess Maria of Greece and Denmark,"Grand Duchess Maria Georgievna, Grand Duchess Georgievna of Russia"
http://www.wikidata.org/entity/Q232732,Princess Maria of Greece and Denmark,"Grand Duchess Maria Georgievna, Grand Duchess Georgievna of Russia, Princess of Greece and Denmark"
http://www.wikidata.org/entity/Q232732,Princess Maria of Greece and Denmark,"Grand Duchess Maria Georgievna, The Grand Duchess Georgievna of Russia"
http://www.wikidata.org/entity/Q232732,Princess Maria of Greece and Denmark,"Grand Duchess Maria Georgievna, The Grand Duchess Georgievna of Russia, Princess of Greece and Denmark"
http://www.wikidata.org/entity/Q232732,Princess Maria of Greece and Denmark,Laci Marie
http://www.wikidata.org/entity/Q232732,Princess Maria of Greece and Denmark,The Princess Maria of Greece and Denmark
http://www.wikidata.org/entity/Q233913,"Mary, Princess Royal and Countess of Harewood",Princess Mary
http://www.wikidata.org/entity/Q233913,"Mary, Princess Royal and Countess of Harewood",Mary Harewood
http://www.wikidata.org/entity/Q233913,"Mary, Princess Royal and Countess of Harewood","Mary, Princess Royal"
http://www.wikidata.org/entity/Q233913,"Mary, Princess Royal and Countess of Harewood",Princess Mary of the United Kingdom
http://www.wikidata.org/entity/Q233913,"Mary, Princess Royal and Countess of Harewood",Princess Mary of Wales
http://www.wikidata.org/entity/Q233913,"Mary, Princess Royal and Countess of Harewood",Princess Mary of York
http://www.wikidata.org/entity/Q233913,"Mary, Princess Royal and Countess of Harewood","Princess Mary, Countess of Harewood"
http://www.wikidata.org/entity/Q233913,"Mary, Princess Royal and Countess of Harewood","Princess Mary, Princess Royal of the United Kingdom"
http://www.wikidata.org/entity/Q233913,"Mary, Princess Royal and Countess of Harewood","Princess Mary, Viscountess Lascelles"
http://www.wikidata.org/entity/Q233913,"Mary, Princess Royal and Countess of Harewood",Princess Victoria Alexandra Alice Mary of the United Kingdom
http://www.wikidata.org/entity/Q233913,"Mary, Princess Royal and Countess of Harewood",Princess Victoria Alexandra Alice Mary of Wales
http://www.wikidata.org/entity/Q233913,"Mary, Princess Royal and Countess of Harewood",Princess Victoria Alexandra Alice Mary of York
http://www.wikidata.org/entity/Q233913,"Mary, Princess Royal and Countess of Harewood","Princess Victoria Alexandra Alice Mary, Countess of Harewood"
http://www.wikidata.org/entity/Q233913,"Mary, Princess Royal and Countess of Harewood","Princess Victoria Alexandra Alice Mary, Viscountess Lascelles"
http://www.wikidata.org/entity/Q233913,"Mary, Princess Royal and Countess of Harewood",Victoria Alexandra Alice Mary Windsor
http://www.wikidata.org/entity/Q233913,"Mary, Princess Royal and Countess of Harewood","Victoria Alexandra Alice Mary, Princess Royal and Countess of Harewood"
http://www.wikidata.org/entity/Q233966,Princess Caroline of Monaco,"Caroline, Princess of Hanover"
http://www.wikidata.org/entity/Q233966,Princess Caroline of Monaco,Princess Caroline Louise Marguerite of Monaco
http://www.wikidata.org/entity/Q233966,Princess Caroline of Monaco,Princess Caroline Louise Marguerite of Monaco and Hanover
http://www.wikidata.org/entity/Q233990,Princess Irene of Hesse and by Rhine,Princess Irene Luise Marie Anne of Hesse and by Rhine
http://www.wikidata.org/entity/Q235128,"Infanta María de las Mercedes, Countess of Barcelona",Princess Maria de las Mercedes of Bourbon-Two Sicilies
http://www.wikidata.org/entity/Q235284,Catherine Oxenberg,Catherine van Dien
http://www.wikidata.org/entity/Q235432,Princess Olga of Greece and Denmark,Olga of Greece and Denmark
http://www.wikidata.org/entity/Q235432,Princess Olga of Greece and Denmark,Princess Paul of Yugoslavia
http://www.wikidata.org/entity/Q235812,Duchess Cecilie of Mecklenburg-Schwerin,"Cecilie, Crown Princess of Germany"
http://www.wikidata.org/entity/Q235812,Duchess Cecilie of Mecklenburg-Schwerin,Duchess Cecilie Auguste Marie of Mecklenburg-Schwerin
http://www.wikidata.org/entity/Q237165,"Infanta Margarita, Duchess of Soria",Margarita Maria
http://www.wikidata.org/entity/Q237165,"Infanta Margarita, Duchess of Soria","Margarita Maria de Borbón y de Borbón, Infanta de España"
http://www.wikidata.org/entity/Q237341,Grand Duchess Kira Kirillovna of Russia,Kira Kirillovna Romanova
http://www.wikidata.org/entity/Q237341,Grand Duchess Kira Kirillovna of Russia,"Kira Kirillovna, Princess Louis Ferdinand of Prussia"
http://www.wikidata.org/entity/Q237341,Grand Duchess Kira Kirillovna of Russia,"Kira Kirillovna, Princess of Prussia"
http://www.wikidata.org/entity/Q237341,Grand Duchess Kira Kirillovna of Russia,Princess Louis Ferdinand of Prussia
http://www.wikidata.org/entity/Q235832,Princess Mafalda of Savoy,"Princess Mafalda, Landgravine of Hesse-Kassel"
http://www.wikidata.org/entity/Q236196,Princess Cecilie of Greece and Denmark,"Cecilie, Hereditary Grand Duchess of Hesse and by Rhine"
http://www.wikidata.org/entity/Q236678,"Katharine, Duchess of Kent",Katharine Kent
http://www.wikidata.org/entity/Q236678,"Katharine, Duchess of Kent",Katharine Lucy Mary Worsley
http://www.wikidata.org/entity/Q236678,"Katharine, Duchess of Kent","Katharine Lucy Mary, Duchess of Kent"
http://www.wikidata.org/entity/Q236678,"Katharine, Duchess of Kent",Katharine Worsley
http://www.wikidata.org/entity/Q236770,"Princess Irene, Duchess of Aosta",Princess Irene of Greece and Denmark
http://www.wikidata.org/entity/Q236965,Amélie of Orléans,Maria Amélia
http://www.wikidata.org/entity/Q236965,Amélie of Orléans,Amelie of Orleans
http://www.wikidata.org/entity/Q236965,Amélie of Orléans,Marie Amelie d'Orleans
http://www.wikidata.org/entity/Q236965,Amélie of Orléans,Marie Amélie d'Orléans
http://www.wikidata.org/entity/Q236965,Amélie of Orléans,Marie Amelie of Orleans
http://www.wikidata.org/entity/Q236965,Amélie of Orléans,Marie Amélie of Orléans
http://www.wikidata.org/entity/Q238820,"Cecilia Bowes-Lyon, Countess of Strathmore and Kinghorne","Cecilia Nina Bowes-Lyon, Countess of Strathmore and Kinghorne"
http://www.wikidata.org/entity/Q238820,"Cecilia Bowes-Lyon, Countess of Strathmore and Kinghorne",Cecilia Nina Cavendish-Bentinck
http://www.wikidata.org/entity/Q240317,Princess Margarita of Greece and Denmark,Margarita of Greece and Denmark
http://www.wikidata.org/entity/Q240317,Princess Margarita of Greece and Denmark,Margarita of Hohenlohe-Langenburg
http://www.wikidata.org/entity/Q240442,Aspasia Manos,Aspasia Manou
http://www.wikidata.org/entity/Q240442,Aspasia Manos,Princess Aspasia of Greece and Denmark
http://www.wikidata.org/entity/Q241033,Count Nikolai of Monpezat,Count Nikolai William Alexander Frederik of Monpezat
http://www.wikidata.org/entity/Q241033,Count Nikolai of Monpezat,Nikolai Frederiksborg
http://www.wikidata.org/entity/Q241033,Count Nikolai of Monpezat,Nikolai William Alexander Frederik
http://www.wikidata.org/entity/Q241033,Count Nikolai of Monpezat,Nikolai William Alexander Frederik of Monpezat
http://www.wikidata.org/entity/Q241033,Count Nikolai of Monpezat,"Nikolai William Alexander Frederik, Prince of Denmark"
http://www.wikidata.org/entity/Q241033,Count Nikolai of Monpezat,Prince Nikolai of Denmark
http://www.wikidata.org/entity/Q241033,Count Nikolai of Monpezat,"Prince Nikolai of Denmark, Count of Monpezat"
http://www.wikidata.org/entity/Q241033,Count Nikolai of Monpezat,Prince Nikolai William Alexander Frederik of Denmark
http://www.wikidata.org/entity/Q241033,Count Nikolai of Monpezat,"Prince Nikolai William Alexander Frederik of Denmark, Count of Monpezat"
http://www.wikidata.org/entity/Q241584,"Birgitte, Duchess of Gloucester",Birgitte Eva Henriksen
http://www.wikidata.org/entity/Q241584,"Birgitte, Duchess of Gloucester",Birgitte Eva van Deurs Henriksen
http://www.wikidata.org/entity/Q242298,Princess Irene of Greece and Denmark,"Irene zu Schleswig-Holstein-Sonderburg-Glücksburg, Πριγκίπισσα της Ελλάδος"
http://www.wikidata.org/entity/Q242298,Princess Irene of Greece and Denmark,Ειρήνη της Ελλάδας και της Δανίας
http://www.wikidata.org/entity/Q242338,Princess Katherine of Greece and Denmark,Lady Katherine Brandram
http://www.wikidata.org/entity/Q242338,Princess Katherine of Greece and Denmark,Princess Aikaterini of Greece and Denmark
http://www.wikidata.org/entity/Q242348,Princess Alexia of Greece and Denmark,Alexia de Grecia
http://www.wikidata.org/entity/Q242348,Princess Alexia of Greece and Denmark,Alexia of Greece and Denmark
http://www.wikidata.org/entity/Q242348,Princess Alexia of Greece and Denmark,"Alexia zu Schleswig-Holstein-Sonderburg-Glücksburg, Crown Princess of Greece"
http://www.wikidata.org/entity/Q242348,Princess Alexia of Greece and Denmark,"Princess Alexia, Mrs Morales"
http://www.wikidata.org/entity/Q242348,Princess Alexia of Greece and Denmark,"Princess Alexia, Mrs. Morales"
http://www.wikidata.org/entity/Q242691,Princess Elisabeth of Denmark,"Elisabeth zu Schleswig-Holstein-Sonderburg-Glücksburg, Princess of Denmark"
http://www.wikidata.org/entity/Q242879,Princess María Isabel of Orléans,Infanta Maria Isabel of Orléans
http://www.wikidata.org/entity/Q242879,Princess María Isabel of Orléans,Maria Isabella
http://www.wikidata.org/entity/Q242879,Princess María Isabel of Orléans,"Princess Maria Isabel of Orléans, Infanta of Spain"
http://www.wikidata.org/entity/Q242879,Princess María Isabel of Orléans,Princess Marie Isabelle of Orleans
http://www.wikidata.org/entity/Q243049,"Marie-Chantal, Crown Princess of Greece",Marie Chantal
http://www.wikidata.org/entity/Q243049,"Marie-Chantal, Crown Princess of Greece",Marie-Chantal Miller
http://www.wikidata.org/entity/Q243049,"Marie-Chantal, Crown Princess of Greece",Marie-Chantel Miller
http://www.wikidata.org/entity/Q243049,"Marie-Chantal, Crown Princess of Greece",Mari Santal
http://www.wikidata.org/entity/Q243049,"Marie-Chantal, Crown Princess of Greece",Mari Santal Miler
http://www.wikidata.org/entity/Q243049,"Marie-Chantal, Crown Princess of Greece",Maria of Greece
http://www.wikidata.org/entity/Q246026,"Patrick Anson, 5th Earl of Lichfield",Patrick Lichfield
http://www.wikidata.org/entity/Q246026,"Patrick Anson, 5th Earl of Lichfield",Patrick Anson
http://www.wikidata.org/entity/Q246026,"Patrick Anson, 5th Earl of Lichfield","Thomas Patrick John Anson, 5th Earl of Lichfield"
http://www.wikidata.org/entity/Q246026,"Patrick Anson, 5th Earl of Lichfield",Thomas Patrick John Anson
http://www.wikidata.org/entity/Q246915,"Princess Alice, Duchess of Gloucester",Alice Christabel Montagu Douglas Scott
http://www.wikidata.org/entity/Q246915,"Princess Alice, Duchess of Gloucester","Alice Christabel, Duchess of Gloucester"
http://www.wikidata.org/entity/Q246915,"Princess Alice, Duchess of Gloucester",Alice Montagu Douglas Scott
http://www.wikidata.org/entity/Q246915,"Princess Alice, Duchess of Gloucester","Alice, Duchess of Gloucester"
http://www.wikidata.org/entity/Q246915,"Princess Alice, Duchess of Gloucester",Lady Alice Christabel Montagu Douglas Scott
http://www.wikidata.org/entity/Q246915,"Princess Alice, Duchess of Gloucester",Lady Alice Montagu Douglas Scott
http://www.wikidata.org/entity/Q255382,Princess Theodora of Greece and Denmark,"Princess Theodora, Margravine of Baden"
http://www.wikidata.org/entity/Q255382,Princess Theodora of Greece and Denmark,"Theodora, Margravine of Baden"
http://www.wikidata.org/entity/Q259488,"Nadejda Mountbatten, Marchioness of Milford Haven",Nadejda de Torby
http://www.wikidata.org/entity/Q259488,"Nadejda Mountbatten, Marchioness of Milford Haven",Nadejda Medina
http://www.wikidata.org/entity/Q259488,"Nadejda Mountbatten, Marchioness of Milford Haven","Nadejda Mikhailovna Mountbatten, Countess of Medina"
http://www.wikidata.org/entity/Q259488,"Nadejda Mountbatten, Marchioness of Milford Haven","Nadejda Mikhailovna Mountbatten, Marchioness of Milford Haven"
http://www.wikidata.org/entity/Q259488,"Nadejda Mountbatten, Marchioness of Milford Haven",Nadejda Milford Haven
http://www.wikidata.org/entity/Q259488,"Nadejda Mountbatten, Marchioness of Milford Haven","Nadejda Mountbatten, Countess of Medina"
http://www.wikidata.org/entity/Q259488,"Nadejda Mountbatten, Marchioness of Milford Haven",Princess George of Battenberg
http://www.wikidata.org/entity/Q260525,Princess Hélène of Orléans,H.R.H. Elena di Francia
http://www.wikidata.org/entity/Q260525,Princess Hélène of Orléans,Princess Helene of Orleans
http://www.wikidata.org/entity/Q260525,Princess Hélène of Orléans,Elena D'Aosta
http://www.wikidata.org/entity/Q260525,Princess Hélène of Orléans,Hélène Louise Henriette d'Orléans
http://www.wikidata.org/entity/Q261284,Isabelle of Orléans-Braganza,Isabelle of Orleans-Braganza
http://www.wikidata.org/entity/Q261322,Princess Isabelle d’Orléans,Princess Isabelle of Orleans
http://www.wikidata.org/entity/Q261826,Princess Adelaide of Saxe-Meiningen,Princess Adalbert of Prussia
http://www.wikidata.org/entity/Q261826,Princess Adelaide of Saxe-Meiningen,"Princess Adelheid, Princess Adalbert of Prussia"
http://www.wikidata.org/entity/Q255389,Infanta Maria Teresa Isabel of Spain,Maria Teresa
http://www.wikidata.org/entity/Q255389,Infanta Maria Teresa Isabel of Spain,"Maria Teresa de Borbón y Habsburgo, Infanta de España"
http://www.wikidata.org/entity/Q257926,Princess Elizabeth of Serbia,"Elizabeth Karageorgievich, Princess of Yugoslavia"
http://www.wikidata.org/entity/Q257926,Princess Elizabeth of Serbia,Jelisaveta Karađorđević
http://www.wikidata.org/entity/Q257926,Princess Elizabeth of Serbia,Princess Elizabeth of Yugoslavia
http://www.wikidata.org/entity/Q259488,"Nadejda Mountbatten, Marchioness of Milford Haven",Countess Nada de Torby
http://www.wikidata.org/entity/Q259488,"Nadejda Mountbatten, Marchioness of Milford Haven",Countess Nadejda de Torby
http://www.wikidata.org/entity/Q259488,"Nadejda Mountbatten, Marchioness of Milford Haven",Countess Nadejda Mikhailovna de Torby
http://www.wikidata.org/entity/Q259488,"Nadejda Mountbatten, Marchioness of Milford Haven",Nada de Torby
http://www.wikidata.org/entity/Q259488,"Nadejda Mountbatten, Marchioness of Milford Haven",Nada Mountbatten
http://www.wikidata.org/entity/Q268139,Lady Davina Windsor,Denny Lewis
http://www.wikidata.org/entity/Q268139,Lady Davina Windsor,Davina Elizabeth Alice Benedikte Windsor
http://www.wikidata.org/entity/Q268139,Lady Davina Windsor,Davina Lewis
http://www.wikidata.org/entity/Q268139,Lady Davina Windsor,Lady Davina Elizabeth Alice Benedikte Lewis
http://www.wikidata.org/entity/Q268139,Lady Davina Windsor,Lady Davina Elizabeth Alice Benedikte Windsor
http://www.wikidata.org/entity/Q268139,Lady Davina Windsor,Lady Davina Lewis
http://www.wikidata.org/entity/Q268139,Lady Davina Windsor,Davina Windsor
http://www.wikidata.org/entity/Q268821,Princess Margriet of the Netherlands,Margriet Francisca  of the Netherlands
http://www.wikidata.org/entity/Q268821,Princess Margriet of the Netherlands,Margriet Francisca van Oranje-Nassau
http://www.wikidata.org/entity/Q268821,Princess Margriet of the Netherlands,Margriet of the Netherlands
http://www.wikidata.org/entity/Q268821,Princess Margriet of the Netherlands,Margriet van Oranje
http://www.wikidata.org/entity/Q268821,Princess Margriet of the Netherlands,Princess Margriet Francisca of the Netherlands
http://www.wikidata.org/entity/Q269412,George V,George Windsor
http://www.wikidata.org/entity/Q269412,George V,King George V
http://www.wikidata.org/entity/Q269412,George V,George Frederick Ernest Albert
http://www.wikidata.org/entity/Q269412,George V,George Frederick Ernest Albert Saxe-Coburg-Gotha
http://www.wikidata.org/entity/Q269412,George V,George Frederick Ernest Albert Windsor
http://www.wikidata.org/entity/Q269412,George V,George Saxe-Coburg-Gotha
http://www.wikidata.org/entity/Q269412,George V,George V (King of Great Britain)
http://www.wikidata.org/entity/Q269412,George V,George V of the United Kingdom
http://www.wikidata.org/entity/Q269493,Infanta Beatriz of Spain,"Infanta Beatriz, Princess of Civitella-Cesi"
http://www.wikidata.org/entity/Q269493,Infanta Beatriz of Spain,Infanta Doña. Beatriz Isabel Federica Alfonsa Eugénie Cristina Maria Teresia Bienvenida Ladislàa of Spain
http://www.wikidata.org/entity/Q269679,Princess Mabel of Orange-Nassau,Mabel Martine Los
http://www.wikidata.org/entity/Q269679,Princess Mabel of Orange-Nassau,Mabel Martine Wisse Smit
http://www.wikidata.org/entity/Q269679,Princess Mabel of Orange-Nassau,Mabel van Oranje
http://www.wikidata.org/entity/Q269679,Princess Mabel of Orange-Nassau,Mabel Wisse Smit
http://www.wikidata.org/entity/Q271995,"Edwina Mountbatten, Countess Mountbatten of Burma",Countess Mountbatten
http://www.wikidata.org/entity/Q271995,"Edwina Mountbatten, Countess Mountbatten of Burma",Dame Edwina Cynthia Annette Mountbatten
http://www.wikidata.org/entity/Q271995,"Edwina Mountbatten, Countess Mountbatten of Burma",Edwina Cynthia Annette Ashley
http://www.wikidata.org/entity/Q271995,"Edwina Mountbatten, Countess Mountbatten of Burma",Edwina Cynthia Annette Mountbatten
http://www.wikidata.org/entity/Q271995,"Edwina Mountbatten, Countess Mountbatten of Burma",Lady Edwina (Cynthia Annette) Mountbatten Countess Mountbatten of Burma
http://www.wikidata.org/entity/Q271995,"Edwina Mountbatten, Countess Mountbatten of Burma",Lady Mountbatten of Burma
http://www.wikidata.org/entity/Q271998,Princess Marie Louise of Hanover,Marie Louise of Hanover and Cumberland
http://www.wikidata.org/entity/Q271998,Princess Marie Louise of Hanover,Princess Marie Louise of Hanover
http://www.wikidata.org/entity/Q271998,Princess Marie Louise of Hanover,Princess Marie Louise of Hanover and Cumberland
http://www.wikidata.org/entity/Q271998,Princess Marie Louise of Hanover,"Princess Marie Louise, Margravine of Baden"
http://www.wikidata.org/entity/Q272905,"Alexandra Manley, Countess of Frederiksborg",Alexandra Christina Manley
http://www.wikidata.org/entity/Q272905,"Alexandra Manley, Countess of Frederiksborg","Alexandra Christina Manley, Countess of Frederiksborg"
http://www.wikidata.org/entity/Q272905,"Alexandra Manley, Countess of Frederiksborg",Alexandra Manley
http://www.wikidata.org/entity/Q272905,"Alexandra Manley, Countess of Frederiksborg","Princess Alexandra, Countess of Frederiksborg"
http://www.wikidata.org/entity/Q272905,"Alexandra Manley, Countess of Frederiksborg","Princess Alexandra, Princess Joachim of Denmark"
http://www.wikidata.org/entity/Q273237,Princess Isabelle d’Orléans,Isabelle d’Orléans
http://www.wikidata.org/entity/Q273237,Princess Isabelle d’Orléans,Isabelle Françoise Hélène Marie d'Orléans
http://www.wikidata.org/entity/Q273237,Princess Isabelle d’Orléans,Princess Isabelle Françoise Hélène Marie d'Orléans
http://www.wikidata.org/entity/Q280856,George VI,George Windsor
http://www.wikidata.org/entity/Q280856,George VI,Bertie
http://www.wikidata.org/entity/Q280856,George VI,"Prince Albert, Duke of York"
http://www.wikidata.org/entity/Q280856,George VI,King George VI
http://www.wikidata.org/entity/Q280856,George VI,Albert Frederick Arthur George
http://www.wikidata.org/entity/Q280856,George VI,Albert Frederick Arthur George Windsor
http://www.wikidata.org/entity/Q280856,George VI,Albert Windsor
http://www.wikidata.org/entity/Q280856,George VI,H.M. King George VI
http://www.wikidata.org/entity/Q280856,George VI,Industrial Prince
http://www.wikidata.org/entity/Q280856,George VI,Prince Albert Frederick Arthur George of Cornwall and York
http://www.wikidata.org/entity/Q280856,George VI,Prince Albert Frederick Arthur George of Wales
http://www.wikidata.org/entity/Q280856,George VI,Prince Albert Frederick Arthur George of York
http://www.wikidata.org/entity/Q280856,George VI,"Prince Albert Frederick Arthur George, Duke of York"
http://www.wikidata.org/entity/Q280856,George VI,Prince Albert of Cornwall and York
http://www.wikidata.org/entity/Q280856,George VI,Prince Albert of Wales
http://www.wikidata.org/entity/Q280856,George VI,Prince Albert of York
http://www.wikidata.org/entity/Q313752,Prince Michael of Kent,Michael George Charles Franklin
http://www.wikidata.org/entity/Q313752,Prince Michael of Kent,Prince Michael George Charles Franklin of Kent
http://www.wikidata.org/entity/Q313857,"Infante Juan, Count of Barcelona",Infante Juan of Barcelona
http://www.wikidata.org/entity/Q280856,George VI,The Prince Albert Frederick Arthur George of the United Kingdom
http://www.wikidata.org/entity/Q280856,George VI,"The Prince Albert Frederick Arthur George, Duke of York"
http://www.wikidata.org/entity/Q280856,George VI,The Prince Albert of the United Kingdom
http://www.wikidata.org/entity/Q280856,George VI,"The Prince Albert, Duke of York"
http://www.wikidata.org/entity/Q285326,Princess Maria Elisabeth of Bavaria,Maria Elisabeth Franziska Josepha Therese von Bayern
http://www.wikidata.org/entity/Q285326,Princess Maria Elisabeth of Bavaria,Maria Isabel da Baviera
http://www.wikidata.org/entity/Q292274,Princess Theodora of Greece and Denmark,Theodora Greece
http://www.wikidata.org/entity/Q292274,Princess Theodora of Greece and Denmark,Theodora of Greece and Denmark
http://www.wikidata.org/entity/Q292274,Princess Theodora of Greece and Denmark,"Theodora zu Schleswig-Holstein-Sonderburg-Glücksburg, Princess of Greece and Denmark"
http://www.wikidata.org/entity/Q297743,Lillie Langtry,Emilie Charlotte Langtry
http://www.wikidata.org/entity/Q297743,Lillie Langtry,Emilie Charlotte Le Breton
http://www.wikidata.org/entity/Q297743,Lillie Langtry,Emilie Charlotte Le Breton De Bathe
http://www.wikidata.org/entity/Q297743,Lillie Langtry,Emilie Charlotte Le Breton Langtry
http://www.wikidata.org/entity/Q297743,Lillie Langtry,Emily Charlotte le Breton
http://www.wikidata.org/entity/Q297743,Lillie Langtry,Jersey Lilly
http://www.wikidata.org/entity/Q297743,Lillie Langtry,Jersey Lily
http://www.wikidata.org/entity/Q297743,Lillie Langtry,Lilly Langtry
http://www.wikidata.org/entity/Q297743,Lillie Langtry,Lily Langtry
http://www.wikidata.org/entity/Q297743,Lillie Langtry,Mrs. Langtry
http://www.wikidata.org/entity/Q310488,Prince John of the United Kingdom,Prince John
http://www.wikidata.org/entity/Q263623,Princess Irene of the Netherlands,Irene Emma Elisabeth of the Netherlands
http://www.wikidata.org/entity/Q263623,Princess Irene of the Netherlands,Irene Emma Elisabeth van Oranje-Nassau
http://www.wikidata.org/entity/Q263623,Princess Irene of the Netherlands,Irene of the Netherlands
http://www.wikidata.org/entity/Q263623,Princess Irene of the Netherlands,Irene van Oranje
http://www.wikidata.org/entity/Q263623,Princess Irene of the Netherlands,Princess Irene Emma Elisabeth of the Netherlands
http://www.wikidata.org/entity/Q265691,Princess Nathalie of Sayn-Wittgenstein-Berleburg,Nathalie Xenia Margareta Benedikte Prinzessin zu Sayn-Wittgenstein-Berleburg
http://www.wikidata.org/entity/Q265691,Princess Nathalie of Sayn-Wittgenstein-Berleburg,"Princess Nathalie, Mrs. Johannsmann"
http://www.wikidata.org/entity/Q267367,Princess Laurentien of the Netherlands,Laurentien Brinkhorst
http://www.wikidata.org/entity/Q267367,Princess Laurentien of the Netherlands,Petra Laurentien Brinkhorst
http://www.wikidata.org/entity/Q267367,Princess Laurentien of the Netherlands,"Princess Petra Laurentien of the Netherlands, Princess of Orange-Nassau, Mrs. van Amsberg"
http://www.wikidata.org/entity/Q331657,Daniel Chatto,Daniel St George Chatto
http://www.wikidata.org/entity/Q331657,Daniel Chatto,Daniel St. George Chatto
http://www.wikidata.org/entity/Q332969,"John Knatchbull, 7th Baron Brabourne",John Brabourne
http://www.wikidata.org/entity/Q335129,"George Mountbatten, 2nd Marquess of Milford Haven","George Louis Victor Henry Serge Mountbatten, 2nd Marquess of Milford Haven"
http://www.wikidata.org/entity/Q335129,"George Mountbatten, 2nd Marquess of Milford Haven","George Louis Victor Henry Serge Mountbatten, Earl of Medina"
http://www.wikidata.org/entity/Q335129,"George Mountbatten, 2nd Marquess of Milford Haven",George Medina
http://www.wikidata.org/entity/Q335129,"George Mountbatten, 2nd Marquess of Milford Haven",George Milford Haven
http://www.wikidata.org/entity/Q335129,"George Mountbatten, 2nd Marquess of Milford Haven","George Mountbatten, Earl of Medina"
http://www.wikidata.org/entity/Q335129,"George Mountbatten, 2nd Marquess of Milford Haven",Prince George Louis Victor Henry Serge of Battenberg
http://www.wikidata.org/entity/Q335129,"George Mountbatten, 2nd Marquess of Milford Haven",Prince George of Battenberg
http://www.wikidata.org/entity/Q335159,"Claude Bowes-Lyon, 14th Earl of Strathmore and Kinghorne","Claude George Bowes-Lyon, 14th and 1st Earl of Strathmore and Kinghorne"
http://www.wikidata.org/entity/Q335260,"Antony Armstrong-Jones, 1st Earl of Snowdon",Anthony Charles Robert Armstrong Jones
http://www.wikidata.org/entity/Q335260,"Antony Armstrong-Jones, 1st Earl of Snowdon",Anthony Charles Robert Armstrong-Jones
http://www.wikidata.org/entity/Q335260,"Antony Armstrong-Jones, 1st Earl of Snowdon","Antony Charles Robert Armstrong-Jones, 1st Earl of Snowdon"
http://www.wikidata.org/entity/Q335260,"Antony Armstrong-Jones, 1st Earl of Snowdon",Antony Snowdon
http://www.wikidata.org/entity/Q335260,"Antony Armstrong-Jones, 1st Earl of Snowdon","Antony, Earl of Snowdon"
http://www.wikidata.org/entity/Q335260,"Antony Armstrong-Jones, 1st Earl of Snowdon",Lord Snowden
http://www.wikidata.org/entity/Q335260,"Antony Armstrong-Jones, 1st Earl of Snowdon",Tony Armstrong-Jones
http://www.wikidata.org/entity/Q335260,"Antony Armstrong-Jones, 1st Earl of Snowdon",Tony Snowdon
http://www.wikidata.org/entity/Q354477,"Prince Philippe, Count of Paris",Louis-Philippe Albert d'Orléans
http://www.wikidata.org/entity/Q354477,"Prince Philippe, Count of Paris",Louis-Philippe-Albert d' Orléans
http://www.wikidata.org/entity/Q311442,"Louis Ferdinand, Prince of Prussia",Louis Ferdinand Victor Eduard Adalbert Michael Hubertus Prinz von Preußen
http://www.wikidata.org/entity/Q311442,"Louis Ferdinand, Prince of Prussia",Prince Louis Ferdinand
http://www.wikidata.org/entity/Q311442,"Louis Ferdinand, Prince of Prussia",Prince Louis Ferdinand of Prussia
http://www.wikidata.org/entity/Q313128,Prince Paul of Yugoslavia,Pablo Karagjorgjevich
http://www.wikidata.org/entity/Q313128,Prince Paul of Yugoslavia,Paul Karageorgevich
http://www.wikidata.org/entity/Q313128,Prince Paul of Yugoslavia,Paul of Yugoslavia
http://www.wikidata.org/entity/Q313128,Prince Paul of Yugoslavia,Pavle Karađorđević
http://www.wikidata.org/entity/Q313128,Prince Paul of Yugoslavia,Prince of Yugoslavia Paul
http://www.wikidata.org/entity/Q313128,Prince Paul of Yugoslavia,Prince of Yugoslavia Pavle
http://www.wikidata.org/entity/Q313128,Prince Paul of Yugoslavia,Prince of Yugoslavia Pavle Karađorđević
http://www.wikidata.org/entity/Q355254,Prince Constantijn of the Netherlands,Constantijn Christof Frederik Aschwin of the Netherlands
http://www.wikidata.org/entity/Q355254,Prince Constantijn of the Netherlands,Constantijn of the Netherlands
http://www.wikidata.org/entity/Q355254,Prince Constantijn of the Netherlands,Constantijn van Oranje-Nassau
http://www.wikidata.org/entity/Q355254,Prince Constantijn of the Netherlands,Prince Constantijn Christof Frederik Aschwin of the Netherlands
http://www.wikidata.org/entity/Q355254,Prince Constantijn of the Netherlands,"Prince Constantijn Christof Frederik Aschwin of the Netherlands, Prince of Orange-Nassau, Jonkheer van Amsberg"
http://www.wikidata.org/entity/Q356560,Iñaki Urdangarin,Don Iñaki Urdangarin Liebaert
http://www.wikidata.org/entity/Q381069,Prince Knud of Denmark,Prince Knud Christian Frederik Michael of Denmark
http://www.wikidata.org/entity/Q381700,"Pavlos, Crown Prince of Greece","Paul, Crown Prince of Greece"
http://www.wikidata.org/entity/Q381700,"Pavlos, Crown Prince of Greece",Pavlos de Grecia
http://www.wikidata.org/entity/Q381700,"Pavlos, Crown Prince of Greece","Pavlos zu Schleswig-Holstein-Sonderburg-Glücksburg, Crown Prince of Greece"
http://www.wikidata.org/entity/Q382226,"Grand Duke Vladimir Kirillovich, Grand Duke of Russia",Grand Duke Vladimir Kirillovich of Russia
http://www.wikidata.org/entity/Q382226,"Grand Duke Vladimir Kirillovich, Grand Duke of Russia",Prince Vladimir Kirillovich of Russia
http://www.wikidata.org/entity/Q430785,Lady Rose Windsor,Lady Rose Gilman
http://www.wikidata.org/entity/Q430785,Lady Rose Windsor,Lady Rose Victoria Birgitte Louise Windsor
http://www.wikidata.org/entity/Q430785,Lady Rose Windsor,Rose Victoria Birgitte Louise Gilman
http://www.wikidata.org/entity/Q430785,Lady Rose Windsor,Rose Victoria Birgitte Louise Windsor
http://www.wikidata.org/entity/Q430785,Lady Rose Windsor,Rose Windsor
http://www.wikidata.org/entity/Q430785,Lady Rose Windsor,Lady Rose Victoria Birgitte Louise Gilman
http://www.wikidata.org/entity/Q430785,Lady Rose Windsor,Rose Gilman
http://www.wikidata.org/entity/Q431121,"Prince Amedeo, 3rd Duke of Aosta",Amedeo di Savoia-Aosta
http://www.wikidata.org/entity/Q372954,Grand Duke Dmitri Pavlovich of Russia,"Dimitrii Pavlovich Romanov, Grand Duke of Russia"
http://www.wikidata.org/entity/Q379479,"Prince Lorenz, Archduke of Austria-Este",Lorenz Otto Erzherzog von Österreich
http://www.wikidata.org/entity/Q335615,"Michael Bowes-Lyon, 18th Earl of Strathmore and Kinghorne",Michael Bowes-Lyon
http://www.wikidata.org/entity/Q335615,"Michael Bowes-Lyon, 18th Earl of Strathmore and Kinghorne","Michael Bowes-Lyon, The Earl of Strathmore and Kinghorne"
http://www.wikidata.org/entity/Q336609,"George Lascelles, 7th Earl of Harewood",George Lascelles
http://www.wikidata.org/entity/Q336609,"George Lascelles, 7th Earl of Harewood",George Harewood
http://www.wikidata.org/entity/Q336609,"George Lascelles, 7th Earl of Harewood","George Henry Hubert Lascelles, 7th Earl of Harewood"
http://www.wikidata.org/entity/Q336609,"George Lascelles, 7th Earl of Harewood","George Henry Hubert Lascelles, Viscount Lascelles"
http://www.wikidata.org/entity/Q336609,"George Lascelles, 7th Earl of Harewood","George Lascelles, Viscount Lascelles"
http://www.wikidata.org/entity/Q336609,"George Lascelles, 7th Earl of Harewood",Hon. George Henry Hubert Lascelles
http://www.wikidata.org/entity/Q336609,"George Lascelles, 7th Earl of Harewood",Hon. George Lascelles
http://www.wikidata.org/entity/Q336609,"George Lascelles, 7th Earl of Harewood","Lascelles, George"
http://www.wikidata.org/entity/Q336691,"Patricia Knatchbull, 2nd Countess Mountbatten of Burma","Patricia Edwina Victoria Knatchbull, 2nd Countess Mountbatten of Burma"
http://www.wikidata.org/entity/Q336691,"Patricia Knatchbull, 2nd Countess Mountbatten of Burma","Patricia Edwina Victoria Knatchbull, Baroness Brabourne"
http://www.wikidata.org/entity/Q336691,"Patricia Knatchbull, 2nd Countess Mountbatten of Burma","Patricia Edwina Victoria Knatchbull, Lady Brabourne"
http://www.wikidata.org/entity/Q336691,"Patricia Knatchbull, 2nd Countess Mountbatten of Burma",Patricia Edwina Victoria Mountbatten
http://www.wikidata.org/entity/Q336691,"Patricia Knatchbull, 2nd Countess Mountbatten of Burma",Patricia Knatchbull
http://www.wikidata.org/entity/Q336691,"Patricia Knatchbull, 2nd Countess Mountbatten of Burma","Patricia Knatchbull, Baroness Brabourne"
http://www.wikidata.org/entity/Q336691,"Patricia Knatchbull, 2nd Countess Mountbatten of Burma","Patricia Knatchbull, Lady Brabourne"
http://www.wikidata.org/entity/Q336691,"Patricia Knatchbull, 2nd Countess Mountbatten of Burma",Patricia Mountbatten
http://www.wikidata.org/entity/Q336783,"George Mountbatten, 4th Marquess of Milford Haven","George Mountbatten, Earl of Medina"
http://www.wikidata.org/entity/Q336783,"George Mountbatten, 4th Marquess of Milford Haven","George Ivar Louis Mountbatten, 4th Marquess of Milford Haven"
http://www.wikidata.org/entity/Q336783,"George Mountbatten, 4th Marquess of Milford Haven","George Ivar Louis Mountbatten, Earl of Medina"
http://www.wikidata.org/entity/Q337477,"Alexander Mountbatten, 1st Marquess of Carisbrooke",Prince Alexander of Battenberg
http://www.wikidata.org/entity/Q337477,"Alexander Mountbatten, 1st Marquess of Carisbrooke",Alexander Albert Mountbatten
http://www.wikidata.org/entity/Q352981,Prince Friso of Orange-Nassau,H.R.H. Prince Friso van Oranje-Nassau
http://www.wikidata.org/entity/Q352981,Prince Friso of Orange-Nassau,Johan Friso van Oranje-Nassau van Amsberg
http://www.wikidata.org/entity/Q352981,Prince Friso of Orange-Nassau,Prince Friso of the Netherlands
http://www.wikidata.org/entity/Q439014,"Prince Alfonso, Count of Caserta",Alfonso Maria Giuseppe Alberto
http://www.wikidata.org/entity/Q444347,Prince Henry of Battenberg,Heinrich Moritz von Battenberg
http://www.wikidata.org/entity/Q444347,Prince Henry of Battenberg,Henry Maurice Battenberg
http://www.wikidata.org/entity/Q444347,Prince Henry of Battenberg,Henry of Battenberg
http://www.wikidata.org/entity/Q444347,Prince Henry of Battenberg,Prince Henry Maurice of Battenberg
http://www.wikidata.org/entity/Q445106,"Prince Emanuele Filiberto, 2nd Duke of Aosta",Emanuele Filiberto
http://www.wikidata.org/entity/Q447757,Prince Christopher of Greece and Denmark,Christo
http://www.wikidata.org/entity/Q447757,Prince Christopher of Greece and Denmark,Prince Christophoros of Greece and Denmark
http://www.wikidata.org/entity/Q450684,"Archduchess Maria Cristina, Hereditary Grand Duchess of Tuscany",Princess Maria Cristina of Bourbon-Two Sicilies
http://www.wikidata.org/entity/Q450692,Audrey Emery,Anna Audrey Emery
http://www.wikidata.org/entity/Q433753,Princess Xenia Georgievna of Russia,Xenia Georgievna Holstein-Gottorp-Romanova
http://www.wikidata.org/entity/Q433753,Princess Xenia Georgievna of Russia,Xenia Georgievna of Holstein-Gottorp
http://www.wikidata.org/entity/Q433753,Princess Xenia Georgievna of Russia,Xenia Georgievna Romanova
http://www.wikidata.org/entity/Q435324,Princess Christina of the Netherlands,Christina of the Netherlands
http://www.wikidata.org/entity/Q435324,Princess Christina of the Netherlands,Christina van Lippe-Biesterfeld
http://www.wikidata.org/entity/Q435324,Princess Christina of the Netherlands,Christina van Oranje
http://www.wikidata.org/entity/Q435324,Princess Christina of the Netherlands,Maria Christina of the Netherlands
http://www.wikidata.org/entity/Q435324,Princess Christina of the Netherlands,Maria Christina van Oranje-Nassau
http://www.wikidata.org/entity/Q435324,Princess Christina of the Netherlands,Princess Maria Christina of the Netherlands
http://www.wikidata.org/entity/Q435324,Princess Christina of the Netherlands,Princess Marijke
http://www.wikidata.org/entity/Q435739,"Prince Wilhelm, Duke of Södermanland",Prince Wilhelm of Sweden
http://www.wikidata.org/entity/Q437001,"Ernst August, Crown Prince of Hanover",Crown Prince Ernest Augustus of Hanover
http://www.wikidata.org/entity/Q451724,"Duchess Diane, Duchess of Württemberg",Crown Princess Diane of Württemberg
http://www.wikidata.org/entity/Q451724,"Duchess Diane, Duchess of Württemberg",Diane d'Orléans
http://www.wikidata.org/entity/Q451724,"Duchess Diane, Duchess of Württemberg",Diane d'Orléans von Württemberg
http://www.wikidata.org/entity/Q451724,"Duchess Diane, Duchess of Württemberg",Diane Françoise Marie d'Orléans
http://www.wikidata.org/entity/Q451724,"Duchess Diane, Duchess of Württemberg",Diane Françoise Marie d'Orléans von Württemberg
http://www.wikidata.org/entity/Q451724,"Duchess Diane, Duchess of Württemberg",Diane Françoise Marie von Württemberg
http://www.wikidata.org/entity/Q451724,"Duchess Diane, Duchess of Württemberg",Diane von Württemberg
http://www.wikidata.org/entity/Q451724,"Duchess Diane, Duchess of Württemberg","Diane, Crown Princess of Württemberg"
http://www.wikidata.org/entity/Q451724,"Duchess Diane, Duchess of Württemberg","Duchess Diane, Dowager Duchess of Württemberg"
http://www.wikidata.org/entity/Q451724,"Duchess Diane, Duchess of Württemberg","Duchess Diane, The Dowager Duchess of Württemberg"
http://www.wikidata.org/entity/Q451724,"Duchess Diane, Duchess of Württemberg","Duchess Diane, The Duchess of Württemberg"
http://www.wikidata.org/entity/Q451724,"Duchess Diane, Duchess of Württemberg",Princess Diane d'Orléans
http://www.wikidata.org/entity/Q451724,"Duchess Diane, Duchess of Württemberg",Princess Diane Françoise Marie d'Orléans
http://www.wikidata.org/entity/Q452039,"Prince Amedeo, 5th Duke of Aosta",Amadeo di Savoia-Aosta
http://www.wikidata.org/entity/Q455160,Autumn Phillips,Autumm Patricia Phillips
http://www.wikidata.org/entity/Q455160,Autumn Phillips,Autumn Kelly
http://www.wikidata.org/entity/Q455160,Autumn Phillips,Autumn Patricia Phillips
http://www.wikidata.org/entity/Q460960,Queen Máxima of the Netherlands,Máxima
http://www.wikidata.org/entity/Q460960,Queen Máxima of the Netherlands,H.M. Queen Máxima of the Netherlands
http://www.wikidata.org/entity/Q460960,Queen Máxima of the Netherlands,Máxima of the Netherlands
http://www.wikidata.org/entity/Q460960,Queen Máxima of the Netherlands,Maxima Zorreguieta
http://www.wikidata.org/entity/Q460960,Queen Máxima of the Netherlands,Máxima Zorreguieta
http://www.wikidata.org/entity/Q518879,Prince Carlos of the Two Sicilies,Carlos de Borbon y Borbon
http://www.wikidata.org/entity/Q526743,"Infante Carlos, Duke of Calabria",Prince Carlos of Bourbon-Two Sicilies
http://www.wikidata.org/entity/Q526743,"Infante Carlos, Duke of Calabria",Carlos de Borbón-Dos Sicilias y de Borbón-Parma
http://www.wikidata.org/entity/Q526743,"Infante Carlos, Duke of Calabria","Carlos Maria Alfonso Marcelo de Borbón-Dos Sicilias y de Borbón-Parma, Infante of Spain, Duke of Calabria"
http://www.wikidata.org/entity/Q526743,"Infante Carlos, Duke of Calabria",Carlos of Bourbon-Two Sicilies
http://www.wikidata.org/entity/Q526743,"Infante Carlos, Duke of Calabria","Infante Carlos of Spain, Prince of Bourbon-Two Sicilies, Duke of Calabria"
http://www.wikidata.org/entity/Q534961,Prince Henri d’Orléans,Henri VIII
http://www.wikidata.org/entity/Q534961,Prince Henri d’Orléans,Henri d’Orléans
http://www.wikidata.org/entity/Q534961,Prince Henri d’Orléans,Henri Philippe Pierre Marie d'Orléans
http://www.wikidata.org/entity/Q510259,"Prince Carlos, Hereditary Duke of Parma",Carlos de Bourbon de Parme
http://www.wikidata.org/entity/Q510259,"Prince Carlos, Hereditary Duke of Parma","Carlos V, Duke of Parma and Piacenza"
http://www.wikidata.org/entity/Q510259,"Prince Carlos, Hereditary Duke of Parma",Carlos Xavier Prins de Bourbon de Parme
http://www.wikidata.org/entity/Q510259,"Prince Carlos, Hereditary Duke of Parma","Carlos, Duke of Parma"
http://www.wikidata.org/entity/Q510259,"Prince Carlos, Hereditary Duke of Parma","Prince Carlos de Bourbon de Parme, Duke of Parma and Piacenza"
http://www.wikidata.org/entity/Q518846,"Alfonso, Prince of Asturias",Alphonse de Bourbon
http://www.wikidata.org/entity/Q518846,"Alfonso, Prince of Asturias",Alfons de Borbo i de Battenberg
http://www.wikidata.org/entity/Q518846,"Alfonso, Prince of Asturias",Alfons de Borbó i de Battenberg
http://www.wikidata.org/entity/Q518846,"Alfonso, Prince of Asturias",Alfonso de Borbon y Battenberg
http://www.wikidata.org/entity/Q518846,"Alfonso, Prince of Asturias",Alfonso de Borbón y Battenberg
http://www.wikidata.org/entity/Q518846,"Alfonso, Prince of Asturias","Alfonso Pius de Borbón y Battenberg, Infante de España"
http://www.wikidata.org/entity/Q518846,"Alfonso, Prince of Asturias","Alfonso, Count of Covadonga"
http://www.wikidata.org/entity/Q518846,"Alfonso, Prince of Asturias","Infante Alfonso, Count of Covadonga"
http://www.wikidata.org/entity/Q538411,Prince Henri d'Orléans,Henri Robert Ferdinand Marie d'Orléans
http://www.wikidata.org/entity/Q538411,Prince Henri d'Orléans,Prince Henri Robert Ferdinand Marie d'Orléans
http://www.wikidata.org/entity/Q538532,Grand Duchess Maria Vladimirovna of Russia,Crown Princess Maria Vladimirovna
http://www.wikidata.org/entity/Q538532,Grand Duchess Maria Vladimirovna of Russia,Crown Princess Maria Vladimirovna of Russia
http://www.wikidata.org/entity/Q538532,Grand Duchess Maria Vladimirovna of Russia,"Grand Duchess Maria Vladimirovna, Grand Duchess of Russia"
http://www.wikidata.org/entity/Q538532,Grand Duchess Maria Vladimirovna of Russia,"Maria Vladimirovna, Crown Princess of Russia"
http://www.wikidata.org/entity/Q538532,Grand Duchess Maria Vladimirovna of Russia,"Mariya Vladimirovna Romanov, Grand Duchess of Russia"
http://www.wikidata.org/entity/Q538532,Grand Duchess Maria Vladimirovna of Russia,"Maria Vladimirovna, Grand Duchess of Russia"
http://www.wikidata.org/entity/Q544609,Angus Ogilvy,Angus James Bruce Ogilvy
http://www.wikidata.org/entity/Q544609,Angus Ogilvy,Hon. Angus James Bruce Ogilvy
http://www.wikidata.org/entity/Q544609,Angus Ogilvy,Hon. Angus Ogilvy
http://www.wikidata.org/entity/Q544609,Angus Ogilvy,Hon. Sir Angus James Bruce Ogilvy
http://www.wikidata.org/entity/Q544609,Angus Ogilvy,Hon. Sir Angus Ogilvy
http://www.wikidata.org/entity/Q544609,Angus Ogilvy,Rt. Hon. Sir Angus James Bruce Ogilvy
http://www.wikidata.org/entity/Q544609,Angus Ogilvy,Rt. Hon. Sir Angus Ogilvy
http://www.wikidata.org/entity/Q544609,Angus Ogilvy,Sir Angus James Bruce Ogilvy
http://www.wikidata.org/entity/Q544609,Angus Ogilvy,Sir Angus Ogilvy
http://www.wikidata.org/entity/Q547893,Mark Phillips,Captain Mark Anthony Peter Phillips
http://www.wikidata.org/entity/Q547893,Mark Phillips,Captain Mark Phillips
http://www.wikidata.org/entity/Q550183,"James, Earl of Wessex",James Alexander Philip Theo Mountbatten-Windsor
http://www.wikidata.org/entity/Q550183,"James, Earl of Wessex","James Alexander Philip Theo Windsor, Viscount Severn"
http://www.wikidata.org/entity/Q550183,"James, Earl of Wessex","James Mountbatten-Windsor, Viscount Severn"
http://www.wikidata.org/entity/Q550183,"James, Earl of Wessex",James Severn
http://www.wikidata.org/entity/Q550183,"James, Earl of Wessex","James Windsor, Viscount Severn"
http://www.wikidata.org/entity/Q550183,"James, Earl of Wessex","James, Earl of Forfar"
http://www.wikidata.org/entity/Q550183,"James, Earl of Wessex","James, Earl of Wessex and Forfar"
http://www.wikidata.org/entity/Q550183,"James, Earl of Wessex","James, Viscount Severn"
http://www.wikidata.org/entity/Q550183,"James, Earl of Wessex",Lord Severn
http://www.wikidata.org/entity/Q537914,"Prince Carlos Hugo, Duke of Parma","Carlos Hugo, Duke of Parma"
http://www.wikidata.org/entity/Q537914,"Prince Carlos Hugo, Duke of Parma","Carlos Hugo, Duke of Parma and Piacenza"
http://www.wikidata.org/entity/Q538125,Maria Christina of Austria,María Cristina de Borbón
http://www.wikidata.org/entity/Q538125,Maria Christina of Austria,Archduchess Maria Christina Henriette Desideria Felicitas Raineria of Austria
http://www.wikidata.org/entity/Q538125,Maria Christina of Austria,Maria Cristina de Habsburgo
http://www.wikidata.org/entity/Q538411,Prince Henri d'Orléans,Henri d'Orléans
http://www.wikidata.org/entity/Q487309,Paul Ilyinsky,Paul Dimitrievitch Romanovsky-Ilynsky
http://www.wikidata.org/entity/Q487309,Paul Ilyinsky,Paul Dmitrievich Romanovsky-Ilyinsky
http://www.wikidata.org/entity/Q487309,Paul Ilyinsky,"Pavel Dimitriievich Romanov-Ilyinsky, Prince Romanov-Ilyinsky"
http://www.wikidata.org/entity/Q503991,Duke Henry of Mecklenburg-Schwerin,Dudley S. Van Antwerp
http://www.wikidata.org/entity/Q503991,Duke Henry of Mecklenburg-Schwerin,Duke Heinrich of Mecklenburg-Schwerin
http://www.wikidata.org/entity/Q503991,Duke Henry of Mecklenburg-Schwerin,Hendrik van Mecklenburg-Schwerin
http://www.wikidata.org/entity/Q503991,Duke Henry of Mecklenburg-Schwerin,"Prince Hendrik, Prince Consort of the Netherlands"
http://www.wikidata.org/entity/Q503991,Duke Henry of Mecklenburg-Schwerin,Prince Henry of Mecklenburg-Schwerin
http://www.wikidata.org/entity/Q563765,Queen Anne of Romania,Queen Anne
http://www.wikidata.org/entity/Q563765,Queen Anne of Romania,Princess Anne of Bourbon-Parma
http://www.wikidata.org/entity/Q563765,Queen Anne of Romania,"Queen Anne, Queen Consort of Romania"
http://www.wikidata.org/entity/Q564889,Queen Anne-Marie of Greece,"Anne Marie Dagmar Ingrid zu Schleswig-Holstein-Sonderburg-Glücksburg, Princess of Denmark"
http://www.wikidata.org/entity/Q564889,Queen Anne-Marie of Greece,Anne-Marie Dagmar Ingrid
http://www.wikidata.org/entity/Q564889,Queen Anne-Marie of Greece,Anne-Marie of the Hellenes (née Princess Anne-Marie of Denmark)
http://www.wikidata.org/entity/Q564889,Queen Anne-Marie of Greece,Princess Anne-Marie of Denmark
http://www.wikidata.org/entity/Q587967,"William, Prince of Orange","Prince Willem of the Netherlands, The Prince of Orange"
http://www.wikidata.org/entity/Q587967,"William, Prince of Orange","Prince Willem, Prince of Orange"
http://www.wikidata.org/entity/Q587967,"William, Prince of Orange","Prince Willem, The Prince of Orange"
http://www.wikidata.org/entity/Q587967,"William, Prince of Orange",Prince William of the Netherlands
http://www.wikidata.org/entity/Q587967,"William, Prince of Orange","Prince William of the Netherlands, The Prince of Orange"
http://www.wikidata.org/entity/Q587967,"William, Prince of Orange","Prince William, The Prince of Orange"
http://www.wikidata.org/entity/Q587967,"William, Prince of Orange",Willem Nicolaas Alexander Frederik Karel Hendrik of Orange-Nassau
http://www.wikidata.org/entity/Q587967,"William, Prince of Orange",Willem Nicolaas Alexander Frederik Karel Hendrik van Orange-Nassau
http://www.wikidata.org/entity/Q587967,"William, Prince of Orange","Willem, Prince of Orange"
http://www.wikidata.org/entity/Q590227,Edward VIII,"Edward, Prince of Wales"
http://www.wikidata.org/entity/Q590227,Edward VIII,Prince Edward
http://www.wikidata.org/entity/Q590227,Edward VIII,Duke of Windsor
http://www.wikidata.org/entity/Q590227,Edward VIII,David Windsor
http://www.wikidata.org/entity/Q590227,Edward VIII,Edward Windsor
http://www.wikidata.org/entity/Q590227,Edward VIII,"Edward, Duke of Windsor"
http://www.wikidata.org/entity/Q590227,Edward VIII,Edward Albert Christian George Andrew Patrick David
http://www.wikidata.org/entity/Q590227,Edward VIII,Edward Albert Christian George Andrew Patrick David Windsor
http://www.wikidata.org/entity/Q590227,Edward VIII,Edward VIII Edward VIII of the United Kingdom
http://www.wikidata.org/entity/Q590227,Edward VIII,"Edward VIII Edward VIII, King of the United Kingdom"
http://www.wikidata.org/entity/Q590227,Edward VIII,Edward VIII of the United Kingdom
http://www.wikidata.org/entity/Q590227,Edward VIII,King Edward VIII
http://www.wikidata.org/entity/Q590227,Edward VIII,"Prince Edward, Duke of Windsor"
http://www.wikidata.org/entity/Q592349,Prince Jean d'Orléans,Jean IV
http://www.wikidata.org/entity/Q592349,Prince Jean d'Orléans,Jean Carl Pierre Marie d'Orléans
http://www.wikidata.org/entity/Q592349,Prince Jean d'Orléans,Jean d'Orléans
http://www.wikidata.org/entity/Q594386,Prince Tomislav of Yugoslavia,Tomislav of Yugoslavia
http://www.wikidata.org/entity/Q601229,Prince Peter of Greece and Denmark,"Panayiotis zu Schleswig-Holstein-Sonderburg-Glücksburg, Prince of Greece and Denmark"
http://www.wikidata.org/entity/Q570902,Count Ingolf of Rosenborg,Count Ingolf Christian Frederik Knud Harald Gorm Gustav Viggo Valdemar Aage of Rosenborg
http://www.wikidata.org/entity/Q570902,Count Ingolf of Rosenborg,Ingolf Christian Frederik Knud Harald Gorm Gustav Viggo Valdemar Aage of Denmark
http://www.wikidata.org/entity/Q570902,Count Ingolf of Rosenborg,Ingolf Christian Frederik Knud Harald Gorm Gustav Viggo Valdemar Aage of Rosenborg
http://www.wikidata.org/entity/Q570902,Count Ingolf of Rosenborg,Ingolf of Denmark
http://www.wikidata.org/entity/Q570902,Count Ingolf of Rosenborg,Ingolf of Rosenborg
http://www.wikidata.org/entity/Q570902,Count Ingolf of Rosenborg,"Ingolf zu Schleswig-Holstein-Sonderburg-Glücksburg, Prince of Denmark"
http://www.wikidata.org/entity/Q570902,Count Ingolf of Rosenborg,Prince Ingolf Christian Frederik Knud Harald Gorm Gustav Viggo Valdemar Aage of Denmark
http://www.wikidata.org/entity/Q570902,Count Ingolf of Rosenborg,Prince Ingolf of Denmark
http://www.wikidata.org/entity/Q573263,Count Christian of Rosenborg,Prince Christian of Denmark
http://www.wikidata.org/entity/Q573263,Count Christian of Rosenborg,Christian of Denmark
http://www.wikidata.org/entity/Q573263,Count Christian of Rosenborg,Christian Frederik Franz Knud Harald Carl Oluf Gustav Georg Erik of Denmark
http://www.wikidata.org/entity/Q573263,Count Christian of Rosenborg,Christian Frederik Franz Knud Harald Carl Oluf Gustav Georg Erik of Rosenborg
http://www.wikidata.org/entity/Q573263,Count Christian of Rosenborg,Christian of Rosenborg
http://www.wikidata.org/entity/Q573263,Count Christian of Rosenborg,"Christian zu Schleswig-Holstein-Sonderburg-Glücksburg, Prince of Denmark"
http://www.wikidata.org/entity/Q573263,Count Christian of Rosenborg,Count Christian Frederik Franz Knud Harald Carl Oluf Gustav Georg Erik of Rosenborg
http://www.wikidata.org/entity/Q573263,Count Christian of Rosenborg,Prince Christian Frederik Franz Knud Harald Carl Oluf Gustav Georg Erik of Denmark
http://www.wikidata.org/entity/Q577228,Princess Françoise of Orléans,Françoise Isabelle Louise Marie d'Orléans
http://www.wikidata.org/entity/Q577228,Princess Françoise of Orléans,Françoise Isabelle Louise Marie of Orléans
http://www.wikidata.org/entity/Q577228,Princess Françoise of Orléans,Françoise of Guise
http://www.wikidata.org/entity/Q577228,Princess Françoise of Orléans,Françoise of Orléans
http://www.wikidata.org/entity/Q577228,Princess Françoise of Orléans,Princess Christopher of Greece and Denmark
http://www.wikidata.org/entity/Q577228,Princess Françoise of Orléans,Princess François d'Orléans
http://www.wikidata.org/entity/Q577228,Princess Françoise of Orléans,Princess Françoise Isabelle Louise Marie d'Orléans
http://www.wikidata.org/entity/Q577228,Princess Françoise of Orléans,Princess Françoise Isabelle Louise Marie of Orléans
http://www.wikidata.org/entity/Q577228,Princess Françoise of Orléans,"Princess Françoise, Princess Christopher of Greece and Denmark"
http://www.wikidata.org/entity/Q578791,Prince Jean d’Orléans,Jean d’Orléans
http://www.wikidata.org/entity/Q578791,Prince Jean d’Orléans,Jean Pierre Clément Marie d’Orléans
http://www.wikidata.org/entity/Q578791,Prince Jean d’Orléans,Prince Jean Pierre Clément Marie d’Orléans
http://www.wikidata.org/entity/Q578791,Prince Jean d’Orléans,"Prince Jean, Duke of Guise"
http://www.wikidata.org/entity/Q587967,"William, Prince of Orange",Prince Willem of the Netherlands
http://www.wikidata.org/entity/Q657778,Prince William of Gloucester,William Henry Andrew Frederick of Gloucester
http://www.wikidata.org/entity/Q657778,Prince William of Gloucester,"William Henry Andrew Frederick Windsor, Prince of Gloucester"
http://www.wikidata.org/entity/Q662282,James Ogilvy,James Robert Bruce Ogilvy
http://www.wikidata.org/entity/Q663875,Margareta of Romania,Margareta I of Romania
http://www.wikidata.org/entity/Q663875,Margareta of Romania,"Margareta, Custodian of the Crown of Romania"
http://www.wikidata.org/entity/Q663875,Margareta of Romania,"Margareta, Custodian of the Romanian Crown"
http://www.wikidata.org/entity/Q663875,Margareta of Romania,Queen Margareta I
http://www.wikidata.org/entity/Q663875,Margareta of Romania,Queen Margareta I of Romania
http://www.wikidata.org/entity/Q674343,Lady Helen Taylor,Helen Taylor
http://www.wikidata.org/entity/Q674343,Lady Helen Taylor,Helen Marina Lucy Taylor
http://www.wikidata.org/entity/Q674343,Lady Helen Taylor,Helen Marina Lucy Windsor
http://www.wikidata.org/entity/Q674343,Lady Helen Taylor,Helen Windsor
http://www.wikidata.org/entity/Q674343,Lady Helen Taylor,Lady Helen Marina Lucy Taylor
http://www.wikidata.org/entity/Q674343,Lady Helen Taylor,Lady Helen Marina Lucy Windsor
http://www.wikidata.org/entity/Q674343,Lady Helen Taylor,The Lady Helen Marina Lucy Taylor
http://www.wikidata.org/entity/Q680304,Lady Louise Mountbatten-Windsor,Lady Louise Alice Elizabeth Mary Windsor
http://www.wikidata.org/entity/Q680304,Lady Louise Mountbatten-Windsor,Lady Louise Mountbatten-Windsor
http://www.wikidata.org/entity/Q680304,Lady Louise Mountbatten-Windsor,Louise Alice Elizabeth Mary Mountbatten-Windsor
http://www.wikidata.org/entity/Q680304,Lady Louise Mountbatten-Windsor,Louise Alice Elizabeth Mary Windsor
http://www.wikidata.org/entity/Q680304,Lady Louise Mountbatten-Windsor,Louise Mountbatten-Windsor
http://www.wikidata.org/entity/Q680304,Lady Louise Mountbatten-Windsor,Louise of Wessex
http://www.wikidata.org/entity/Q680304,Lady Louise Mountbatten-Windsor,Louise Windsor
http://www.wikidata.org/entity/Q680304,Lady Louise Mountbatten-Windsor,Princess Louise of Edinburgh
http://www.wikidata.org/entity/Q680304,Lady Louise Mountbatten-Windsor,Princess Louise of Wessex
http://www.wikidata.org/entity/Q708874,"Prince Philippe, Duke of Orléans","Prince Louis Robert, Duke of Orleans"
http://www.wikidata.org/entity/Q724825,Prince Michael of Greece and Denmark,Michel de Grece
http://www.wikidata.org/entity/Q726890,Jaime de Marichalar,Jaime de Marichalar y Saenz de Tejada
http://www.wikidata.org/entity/Q739253,"Peter, Duke of Schleswig-Holstein",Friedrich Ernst Peter Herzog zu Schleswig-Holstein-Sonderburg-Glücksburg
http://www.wikidata.org/entity/Q746752,"Bernhard, Prince of Saxe-Meiningen",Bernhard Friedrich Julius Heinrich
http://www.wikidata.org/entity/Q746752,"Bernhard, Prince of Saxe-Meiningen",Bernhard Prinz von Sachsen-Meiningen
http://www.wikidata.org/entity/Q763206,Luís Gastão de Orléans e Bragança,Don Louis of Orléans-Braganza
http://www.wikidata.org/entity/Q763206,Luís Gastão de Orléans e Bragança,Louis Gaston of Orleans-Braganza
http://www.wikidata.org/entity/Q691072,Prince Friedrich of Saxe-Meiningen,Friedrich von Sachsen-Meiningen
http://www.wikidata.org/entity/Q704310,Infante Alfonso of Spain,Alfonso Cristino de Borbón y Borbón
http://www.wikidata.org/entity/Q704776,Prince Charles Bonaparte,Charles Marie Jérôme Victor Bonaparte
http://www.wikidata.org/entity/Q704776,Prince Charles Bonaparte,Charles Marie Jérôme Victor Napoléon
http://www.wikidata.org/entity/Q704776,Prince Charles Bonaparte,Charles Napoleon
http://www.wikidata.org/entity/Q704776,Prince Charles Bonaparte,Charles Napoléon
http://www.wikidata.org/entity/Q704776,Prince Charles Bonaparte,Napoléon VII
http://www.wikidata.org/entity/Q619788,"David Lascelles, 8th Earl of Harewood",David Harewood
http://www.wikidata.org/entity/Q619788,"David Lascelles, 8th Earl of Harewood","David Henry George Lascelles, 8th Earl of Harewood"
http://www.wikidata.org/entity/Q619788,"David Lascelles, 8th Earl of Harewood","David Henry George Lascelles, Viscount Lascelles"
http://www.wikidata.org/entity/Q619788,"David Lascelles, 8th Earl of Harewood","David Lascelles, Viscount Lascelles"
http://www.wikidata.org/entity/Q620337,"Jean-Christophe, Prince Napoléon","Jean-Christophe Louis Ferdinand Alberic Bonaparte, Prince Napoléon"
http://www.wikidata.org/entity/Q620337,"Jean-Christophe, Prince Napoléon",Jean-Christophe Louis Ferdinand Albéric Napoléon Bonaparte
http://www.wikidata.org/entity/Q620337,"Jean-Christophe, Prince Napoléon",Jean-Christophe Napoléon
http://www.wikidata.org/entity/Q621866,"Alexander Windsor, Earl of Ulster",Alex Ulster
http://www.wikidata.org/entity/Q621866,"Alexander Windsor, Earl of Ulster",Alexander Patrick Gregers Richard Windsor
http://www.wikidata.org/entity/Q621866,"Alexander Windsor, Earl of Ulster","Alexander Patrick Gregers Richard Windsor, Earl of Ulster"
http://www.wikidata.org/entity/Q621866,"Alexander Windsor, Earl of Ulster",Alexander Ulster
http://www.wikidata.org/entity/Q621866,"Alexander Windsor, Earl of Ulster",Alexander Windsor
http://www.wikidata.org/entity/Q630371,Princess Sophie of Greece and Denmark,Princess Sophie of Greece
http://www.wikidata.org/entity/Q635489,Prince Karl Franz of Prussia,Karl Franz Joseph
http://www.wikidata.org/entity/Q635489,Prince Karl Franz of Prussia,Karl Franz Joseph Prinz von Preußen
http://www.wikidata.org/entity/Q635489,Prince Karl Franz of Prussia,Prince Karl Franz Josef Wilhelm Friedrich Eduard Paul of Prussia
http://www.wikidata.org/entity/Q649601,Prince Bernhard of Lippe,Bernhard zur Lippe
http://www.wikidata.org/entity/Q649601,Prince Bernhard of Lippe,Bernhard of Lippe-Biesterfeld
http://www.wikidata.org/entity/Q649601,Prince Bernhard of Lippe,Bernhard Prinz zur Lippe
http://www.wikidata.org/entity/Q649601,Prince Bernhard of Lippe,Prince Bernhard of Lippe (1872–1934)
http://www.wikidata.org/entity/Q649601,Prince Bernhard of Lippe,Prince Bernhard of Lippe-Biesterfeld (1872–1934)
http://www.wikidata.org/entity/Q657778,Prince William of Gloucester,William of Gloucester
http://www.wikidata.org/entity/Q657778,Prince William of Gloucester,Prince William Henry Andrew Frederick of Gloucester
http://www.wikidata.org/entity/Q657778,Prince William of Gloucester,William Henry Andrew Frederick
http://www.wikidata.org/entity/Q763241,"Sylvana Windsor, Countess of St Andrews",Sylvana Tomaselli
http://www.wikidata.org/entity/Q763241,"Sylvana Windsor, Countess of St Andrews",Dr Sylvana Tomaselli
http://www.wikidata.org/entity/Q763241,"Sylvana Windsor, Countess of St Andrews",Sylvana Palma Tomaselli
http://www.wikidata.org/entity/Q763241,"Sylvana Windsor, Countess of St Andrews",Sylvana Windsor
http://www.wikidata.org/entity/Q765373,"Archduchess Margherita, Archduchess of Austria-Este","Margerita di Savoia-Aoste, Principessa di Savoia"
http://www.wikidata.org/entity/Q765373,"Archduchess Margherita, Archduchess of Austria-Este",Margherita di Savoia-Aosta
http://www.wikidata.org/entity/Q772541,Countess Ina Marie von Bassewitz,Countess Ina-Marie Helene Adele Elise von Bassewitz
http://www.wikidata.org/entity/Q772541,Countess Ina Marie von Bassewitz,Ina Marie Bassewitz
http://www.wikidata.org/entity/Q778200,Grand Duchess Maria Kirillovna of Russia,Maria Kirillovna
http://www.wikidata.org/entity/Q778200,Grand Duchess Maria Kirillovna of Russia,Maria Kirillovna of Russia
http://www.wikidata.org/entity/Q778200,Grand Duchess Maria Kirillovna of Russia,"Maria Kirillovna, Princess of Leiningen"
http://www.wikidata.org/entity/Q788565,Princess Leonida Bagration of Mukhrani,"Leonida Georgiievna Bagration-Moukhranskya, Princess Bagration-Moukhranskya"
http://www.wikidata.org/entity/Q788565,Princess Leonida Bagration of Mukhrani,Leonida Georgiyevna Romanova
http://www.wikidata.org/entity/Q788565,Princess Leonida Bagration of Mukhrani,Leonida Kirby
http://www.wikidata.org/entity/Q788565,Princess Leonida Bagration of Mukhrani,Leonida Romanova
http://www.wikidata.org/entity/Q815126,"Alexander, Crown Prince of Serbia",Aleksandar Karađorđević
http://www.wikidata.org/entity/Q815126,"Alexander, Crown Prince of Serbia","Alexander Karageorgievich, Crown Prince of Yugoslavia"
http://www.wikidata.org/entity/Q815126,"Alexander, Crown Prince of Serbia",Crown Prince Alexander Karađorđević
http://www.wikidata.org/entity/Q815126,"Alexander, Crown Prince of Serbia",Crown Prince Alexander of Yugoslavia
http://www.wikidata.org/entity/Q855749,"Catharina-Amalia, Princess of Orange",Amalia van Orange
http://www.wikidata.org/entity/Q855749,"Catharina-Amalia, Princess of Orange",Catharina-Amalia Beatrix Carmen Victoria
http://www.wikidata.org/entity/Q855749,"Catharina-Amalia, Princess of Orange",Catharina-Amalia Beatrix Carmen Victoria Prinses van Oranje
http://www.wikidata.org/entity/Q855749,"Catharina-Amalia, Princess of Orange",Catharina-Amalia van Orange
http://www.wikidata.org/entity/Q855749,"Catharina-Amalia, Princess of Orange","Catharina-Amalia, Princess of Orange"
http://www.wikidata.org/entity/Q855749,"Catharina-Amalia, Princess of Orange",Crown Princess Catharina-Amalia
http://www.wikidata.org/entity/Q855749,"Catharina-Amalia, Princess of Orange",Princess Amalia of Orange-Nassau
http://www.wikidata.org/entity/Q855749,"Catharina-Amalia, Princess of Orange",Princess Amalia of the Netherlands
http://www.wikidata.org/entity/Q855749,"Catharina-Amalia, Princess of Orange","Princess Amalia of the Netherlands, Princess of Orange-Nassau"
http://www.wikidata.org/entity/Q855749,"Catharina-Amalia, Princess of Orange",Princess Catharina-Amalia
http://www.wikidata.org/entity/Q855749,"Catharina-Amalia, Princess of Orange",Princess Catharina-Amalia of Orange-Nassau
http://www.wikidata.org/entity/Q855749,"Catharina-Amalia, Princess of Orange",Princess Catharina-Amalia of the Netherlands
http://www.wikidata.org/entity/Q855749,"Catharina-Amalia, Princess of Orange","Princess Catharina-Amalia of the Netherlands, Princess of Orange-Nassau"
http://www.wikidata.org/entity/Q855749,"Catharina-Amalia, Princess of Orange","Amalia, Princess of Orange"
http://www.wikidata.org/entity/Q862535,Countess Luana of Orange-Nassau,Countess Emma Luana Ninette Sophie of Orange-Nassau
http://www.wikidata.org/entity/Q862535,Countess Luana of Orange-Nassau,"Countess Emma Luana Ninette Sophie of Orange-Nassau, Jonkvrouwe van Amsberg"
http://www.wikidata.org/entity/Q862535,Countess Luana of Orange-Nassau,"Countess Luana of Orange-Nassau, Jonkvrouwe van Amsberg"
http://www.wikidata.org/entity/Q862535,Countess Luana of Orange-Nassau,Emma Luana Ninette Sophie van Oranje-Nassau van Amsberg Gravin van Oranje-Nassau
http://www.wikidata.org/entity/Q869909,Prince Heinrich of Hesse and by Rhine,Enrico d'Assia
http://www.wikidata.org/entity/Q869909,Prince Heinrich of Hesse and by Rhine,Heinrich Wilhelm Konstantin Viktor Franz Prinz von Hessen-Kassel
http://www.wikidata.org/entity/Q869909,Prince Heinrich of Hesse and by Rhine,Prince Heinrich Wilhelm Konstantin Viktor Franz of Hesse-Kassel
http://www.wikidata.org/entity/Q898347,Nina Georgievna of Russia,Nina Chavchavadze
http://www.wikidata.org/entity/Q898347,Nina Georgievna of Russia,Nina Georgievna Chavchavadze
http://www.wikidata.org/entity/Q898347,Nina Georgievna of Russia,Princess Nina Georgievna of Russia
http://www.wikidata.org/entity/Q817052,Princess Benedikte of Denmark,Benedikte Astrid Ingeborg Ingrid
http://www.wikidata.org/entity/Q817052,Princess Benedikte of Denmark,"Benedikte Astrid Ingeborg Ingrid zu Schleswig-Holstein-Sonderburg-Glücksburg, Princess of Denmark"
http://www.wikidata.org/entity/Q817052,Princess Benedikte of Denmark,"Princess Benedikte of Denmark, Princess of Sayn-Wittgenstein-Berleburg"
http://www.wikidata.org/entity/Q847010,Infanta Sofía of Spain,Princess Sofia
http://www.wikidata.org/entity/Q847010,Infanta Sofía of Spain,"Sofía de Borbón y Ortiz, infanta de España"
http://www.wikidata.org/entity/Q1004037,Frederik X of Denmark,Frederik André Henrik Christian
http://www.wikidata.org/entity/Q1004037,Frederik X of Denmark,Frederik André Henrik Christian of Denmark
http://www.wikidata.org/entity/Q1004037,Frederik X of Denmark,"Frederik André Henrik Christian, Crown Prince of Denmark"
http://www.wikidata.org/entity/Q1004037,Frederik X of Denmark,Frederik Henriksen
http://www.wikidata.org/entity/Q1004037,Frederik X of Denmark,Frederik of Denmark
http://www.wikidata.org/entity/Q1004037,Frederik X of Denmark,"Frederik of Denmark, Count of Monpezat"
http://www.wikidata.org/entity/Q1004037,Frederik X of Denmark,Frederik X
http://www.wikidata.org/entity/Q1004751,Count Felix of Monpezat,Count Felix Henrik Valdemar Christian of Monpezat
http://www.wikidata.org/entity/Q1004751,Count Felix of Monpezat,Felix Henrik Valdemar Christian
http://www.wikidata.org/entity/Q1004751,Count Felix of Monpezat,Felix Henrik Valdemar Christian of Monpezat
http://www.wikidata.org/entity/Q1004751,Count Felix of Monpezat,"Felix Henrik Valdemar Christian, Prince of Denmark"
http://www.wikidata.org/entity/Q1004751,Count Felix of Monpezat,Prince Felix Henrik Valdemar Christian of Denmark
http://www.wikidata.org/entity/Q1004751,Count Felix of Monpezat,"Prince Felix Henrik Valdemar Christian of Denmark, Count of Monpezat"
http://www.wikidata.org/entity/Q1004751,Count Felix of Monpezat,Prince Felix of Denmark
http://www.wikidata.org/entity/Q1004751,Count Felix of Monpezat,"Prince Felix of Denmark, Count of Monpezat"
http://www.wikidata.org/entity/Q1009513,"George Windsor, Earl of St Andrews",George Philip Nicholas Windsor
http://www.wikidata.org/entity/Q1009513,"George Windsor, Earl of St Andrews","George Philip Nicholas Windsor, Earl of St Andrews"
http://www.wikidata.org/entity/Q1009513,"George Windsor, Earl of St Andrews","George Philip Nicholas Windsor, Earl of St. Andrews"
http://www.wikidata.org/entity/Q1009513,"George Windsor, Earl of St Andrews",George St Andrews
http://www.wikidata.org/entity/Q1009513,"George Windsor, Earl of St Andrews",George St. Andrews
http://www.wikidata.org/entity/Q1009513,"George Windsor, Earl of St Andrews",George Windsor
http://www.wikidata.org/entity/Q1032270,Archduke Ferdinand Zvonimir of Austria,Ferdinand Erzherzog von Österreich
http://www.wikidata.org/entity/Q1032270,Archduke Ferdinand Zvonimir of Austria,Ferdinand Habsburg
http://www.wikidata.org/entity/Q1032270,Archduke Ferdinand Zvonimir of Austria,Ferdinand Zvonimir Maria Balthus Keith Michael Otto Antal Bahnam Leonhard von Habsburg-Lothringen
http://www.wikidata.org/entity/Q1040807,Lady Sarah Chatto,Lady Sarah Frances Elizabeth Armstrong-Jones
http://www.wikidata.org/entity/Q1040807,Lady Sarah Chatto,Lady Sarah Frances Elizabeth Chatto
http://www.wikidata.org/entity/Q1040807,Lady Sarah Chatto,Sarah Armstrong-Jones
http://www.wikidata.org/entity/Q1040807,Lady Sarah Chatto,Sarah Frances Elizabeth Armstrong-Jones
http://www.wikidata.org/entity/Q1040807,Lady Sarah Chatto,Sarah Frances Elizabeth Chatto
http://www.wikidata.org/entity/Q1061685,Princess Alexia of the Netherlands,Alexia Juliana Marcela Laurentien
http://www.wikidata.org/entity/Q1061685,Princess Alexia of the Netherlands,Alexia Juliana Marcela Laurentien of the Netherlands
http://www.wikidata.org/entity/Q1061685,Princess Alexia of the Netherlands,Alexia of the Netherlands
http://www.wikidata.org/entity/Q1061685,Princess Alexia of the Netherlands,Alexia van Oranje-Nassau
http://www.wikidata.org/entity/Q1061685,Princess Alexia of the Netherlands,Princess Alexia Juliana Marcela Laurentien of the Netherlands
http://www.wikidata.org/entity/Q1061685,Princess Alexia of the Netherlands,"Princess Alexia of the Netherlands, Princess of Orange-Nassau"
http://www.wikidata.org/entity/Q1076063,Princess Ariane of the Netherlands,Ariane of the Netherlands
http://www.wikidata.org/entity/Q1076063,Princess Ariane of the Netherlands,Ariane van Amsberg
http://www.wikidata.org/entity/Q1076063,Princess Ariane of the Netherlands,Ariane van Oranje-Nassau
http://www.wikidata.org/entity/Q1076063,Princess Ariane of the Netherlands,Ariane Wilhelmina Máxima Ines of the Netherlands
http://www.wikidata.org/entity/Q1076063,Princess Ariane of the Netherlands,Ariane Wilhelmina Máxima Ines van Amsberg
http://www.wikidata.org/entity/Q1076063,Princess Ariane of the Netherlands,Ariane Wilhelmina Máxima Inez van Amsberg
http://www.wikidata.org/entity/Q1076063,Princess Ariane of the Netherlands,"Princess Ariane of the Netherlands, Princess of Orange-Nassau"
http://www.wikidata.org/entity/Q1076063,Princess Ariane of the Netherlands,Princess Ariane Wilhelmina Máxima Ines of the Netherlands
http://www.wikidata.org/entity/Q1076063,Princess Ariane of the Netherlands,"Princess Ariane Wilhelmina Máxima Ines of the Netherlands, Princess of Orange-Nassau"
http://www.wikidata.org/entity/Q1091237,"David Armstrong-Jones, 2nd Earl of Snowdon",David Linley
http://www.wikidata.org/entity/Q1091237,"David Armstrong-Jones, 2nd Earl of Snowdon","David Albert Charles Armstrong-Jones, 2nd Earl of Snowdon"
http://www.wikidata.org/entity/Q1091237,"David Armstrong-Jones, 2nd Earl of Snowdon","David Armstrong-Jones, Viscount Linley"
http://www.wikidata.org/entity/Q1091237,"David Armstrong-Jones, 2nd Earl of Snowdon",David Snowdon
http://www.wikidata.org/entity/Q1091237,"David Armstrong-Jones, 2nd Earl of Snowdon",Viscount Linley
http://www.wikidata.org/entity/Q1149075,"William Leveson-Gower, 4th Earl Granville",Hon. William Leveson-Gower
http://www.wikidata.org/entity/Q1149075,"William Leveson-Gower, 4th Earl Granville",Hon. William Spencer Leveson-Gower
http://www.wikidata.org/entity/Q1149075,"William Leveson-Gower, 4th Earl Granville",Vice-Adm. William Spencer Leveson-Gower
http://www.wikidata.org/entity/Q1149075,"William Leveson-Gower, 4th Earl Granville",William Leveson-Gower
http://www.wikidata.org/entity/Q1149075,"William Leveson-Gower, 4th Earl Granville",William Spencer Leveson-Gower
http://www.wikidata.org/entity/Q1208034,Princess Alexandra of Hanover,Alexandra Charlotte Ulrike Maryam Virginia of Hannover
http://www.wikidata.org/entity/Q1208034,Princess Alexandra of Hanover,Alexandra Charlotte Ulrike Maryam Virginia Princess of Hanover
http://www.wikidata.org/entity/Q1208034,Princess Alexandra of Hanover,Alexandra Charlotte Ulrike Maryam Virginia Prinzessin von Hannover
http://www.wikidata.org/entity/Q1208034,Princess Alexandra of Hanover,Alexandra of Hanover
http://www.wikidata.org/entity/Q1208034,Princess Alexandra of Hanover,Alexandra Princess of Hanover
http://www.wikidata.org/entity/Q1208034,Princess Alexandra of Hanover,Alexandra Prinzessin von Hannover
http://www.wikidata.org/entity/Q1208034,Princess Alexandra of Hanover,Princess Alexandra Charlotte Ulrike Maryam Virginia of Hannover
http://www.wikidata.org/entity/Q1208034,Princess Alexandra of Hanover,Princess Alexandra Charlotte Ulrike Maryam Virginia of Hanover
http://www.wikidata.org/entity/Q1210791,Prince Christoph of Schleswig-Holstein,Christoph Herzog zu Schleswig-Holstein-Sonderburg-Glücksburg
http://www.wikidata.org/entity/Q1210791,Prince Christoph of Schleswig-Holstein,Christoph of Schleswig-Holstein
http://www.wikidata.org/entity/Q1210791,Prince Christoph of Schleswig-Holstein,Christoph Prinz zu Schleswig-Holstein
http://www.wikidata.org/entity/Q1212263,Princess Maria of Romania,Mia
http://www.wikidata.org/entity/Q1212263,Princess Maria of Romania,Maria de Roumanie
http://www.wikidata.org/entity/Q1212263,Princess Maria of Romania,The Princess Maria
http://www.wikidata.org/entity/Q1212263,Princess Maria of Romania,The Princess Maria of Romania
http://www.wikidata.org/entity/Q1217757,Lord Nicholas Windsor,Lord Nicholas Charles Edward Jonathan Windsor
http://www.wikidata.org/entity/Q1217757,Lord Nicholas Windsor,Nicholas Charles Edward Jonathan Windsor
http://www.wikidata.org/entity/Q1217757,Lord Nicholas Windsor,Nicholas Windsor
http://www.wikidata.org/entity/Q1276954,Baroness Francesca Thyssen-Bornemisza,Baroness Francesca von Thyssen-Bornemisza
http://www.wikidata.org/entity/Q1276954,Baroness Francesca Thyssen-Bornemisza,Francesca Thyssen-Bornemisza
http://www.wikidata.org/entity/Q1276954,Baroness Francesca Thyssen-Bornemisza,Francesca von Habsburg
http://www.wikidata.org/entity/Q1276954,Baroness Francesca Thyssen-Bornemisza,Franziska Baronin von Thyssen-Bornemisza
http://www.wikidata.org/entity/Q1332391,Infante Gonzalo of Spain,"Gonzalo Manuel Maria Bernado de Borbón y Battenberg, Infante de España"
http://www.wikidata.org/entity/Q922418,Princess Maria Pia of Savoy,Maria Pia di Savoia
http://www.wikidata.org/entity/Q922418,Princess Maria Pia of Savoy,"Maria Pia di Savoia-Carignano, Principessa d'Italia"
http://www.wikidata.org/entity/Q930013,Michael I of Romania,Michael I
http://www.wikidata.org/entity/Q930013,Michael I of Romania,King Michael I
http://www.wikidata.org/entity/Q930013,Michael I of Romania,King Michael I of Romania
http://www.wikidata.org/entity/Q930013,Michael I of Romania,King Michael I of the Romanians
http://www.wikidata.org/entity/Q930013,Michael I of Romania,Michael I of the Romanians
http://www.wikidata.org/entity/Q946985,Prince Gonzalo de Bourbon,Gonzalo de Borbón y de Dampierre
http://www.wikidata.org/entity/Q946985,Prince Gonzalo de Bourbon,"Prince Gonzalo, Duke of Aquitaine"
http://www.wikidata.org/entity/Q962762,Princess Louise of Orléans,Princess Louise of Orleans
http://www.wikidata.org/entity/Q969754,"Ferdinand d'Orléans, Duke of Montpensier","Ferdinand François Philippe Marie Laurent d'Orléans, Duc de Montpensier"
http://www.wikidata.org/entity/Q970135,Roger Marie Vincent Philippe Lévêque de Vilmorin,Р.Вильм.
http://www.wikidata.org/entity/Q970135,Roger Marie Vincent Philippe Lévêque de Vilmorin,Роже де Вильморен
http://www.wikidata.org/entity/Q970135,Roger Marie Vincent Philippe Lévêque de Vilmorin,Роже Мари Венсан Филипп Левек де Вильморен
http://www.wikidata.org/entity/Q978898,Pedro Luiz de Orleans e Bragança,Pedro Luis of Orleans-Braganza
http://www.wikidata.org/entity/Q978898,Pedro Luiz de Orleans e Bragança,Pedro Luís van Orléans-Braganza
http://www.wikidata.org/entity/Q978898,Pedro Luiz de Orleans e Bragança,Pedro Luiz of Orléans-Braganza
http://www.wikidata.org/entity/Q1386944,Mike Tindall,Michael Tindall
http://www.wikidata.org/entity/Q1386944,Mike Tindall,Michael James Tindall
http://www.wikidata.org/entity/Q1389258,"Henrik, Prince Consort of Denmark",Henrik
http://www.wikidata.org/entity/Q1389258,"Henrik, Prince Consort of Denmark",Enric de Monpezat
http://www.wikidata.org/entity/Q1389258,"Henrik, Prince Consort of Denmark",Henri de Monpezat
http://www.wikidata.org/entity/Q1389258,"Henrik, Prince Consort of Denmark",Henri Marie Jean Andre de Laborde de Monpezat
http://www.wikidata.org/entity/Q1389258,"Henrik, Prince Consort of Denmark",Henri Marie Jean André de Laborde de Monpezat
http://www.wikidata.org/entity/Q1389258,"Henrik, Prince Consort of Denmark","Henri Marie Jean André de Laborde de Monpezat, Comte de Laborde de Monpezat"
http://www.wikidata.org/entity/Q1389258,"Henrik, Prince Consort of Denmark",Prince Henrik of Denmark
http://www.wikidata.org/entity/Q1429306,Princess Isabella of Denmark,Isabella Henrietta Ingrid Margrethe
http://www.wikidata.org/entity/Q1429306,Princess Isabella of Denmark,"Isabella Henrietta Ingrid Margrethe, Princess of Denmark"
http://www.wikidata.org/entity/Q1429306,Princess Isabella of Denmark,"Princess Isabella Henrietta Ingrid Margrethe of Denmark, Countess of Monpezat"
http://www.wikidata.org/entity/Q1429306,Princess Isabella of Denmark,"Princess Isabella of Denmark, Countess of Monpezat"
http://www.wikidata.org/entity/Q1468375,Princess Sophie of Romania,Princess Sofia of Romania
http://www.wikidata.org/entity/Q1468375,Princess Sophie of Romania,Sophie de Roumanie
http://www.wikidata.org/entity/Q1468375,Princess Sophie of Romania,The Princess Sofia of Romania
http://www.wikidata.org/entity/Q1468375,Princess Sophie of Romania,The Princess Sophie of Romania
http://www.wikidata.org/entity/Q1772615,Countess Eloise of Orange-Nassau,Eloise Sophie Beatrix Laurence
http://www.wikidata.org/entity/Q1772615,Countess Eloise of Orange-Nassau,Eloise Sophie Beatrix Laurence van Oranje-Nassau van Amsberg Gravin van Oranje-Nassau
http://www.wikidata.org/entity/Q1772615,Countess Eloise of Orange-Nassau,Eloise van Oranje-Nassau van Amsberg
http://www.wikidata.org/entity/Q1781299,Prince Dimitri Karađorđević,Dimitri Karađorđević
http://www.wikidata.org/entity/Q1781299,Prince Dimitri Karađorđević,Dimitri Nicolas Paul Georg Maria Karageorgievich
http://www.wikidata.org/entity/Q1781299,Prince Dimitri Karađorđević,prince Dimitri Karađorđević
http://www.wikidata.org/entity/Q1781299,Prince Dimitri Karađorđević,Prince Dimitri Umberto Anton Peter Maria of Yugoslavia
http://www.wikidata.org/entity/Q1797936,"Gustav, 7th Prince of Sayn-Wittgenstein-Berleburg",Gustav Frederik Philip Richard of Sayn-Wittgenstein-Berleburg
http://www.wikidata.org/entity/Q1797936,"Gustav, 7th Prince of Sayn-Wittgenstein-Berleburg",Gustav Frederik Philip Richard Prinz zu Sayn-Wittgenstein-Berleburg
http://www.wikidata.org/entity/Q1797936,"Gustav, 7th Prince of Sayn-Wittgenstein-Berleburg",Gustav of Sayn-Wittgenstein-Berleburg
http://www.wikidata.org/entity/Q1797936,"Gustav, 7th Prince of Sayn-Wittgenstein-Berleburg",Gustav Prinz zu Sayn-Wittgenstein-Berleburg
http://www.wikidata.org/entity/Q1797936,"Gustav, 7th Prince of Sayn-Wittgenstein-Berleburg","Prince Gustav, 7th Prince of Sayn-Wittgenstein-Berleburg"
http://www.wikidata.org/entity/Q1797989,Princess Alexandra of Sayn-Wittgenstein-Berleburg,Alexandra of Sayn-Wittgenstein-Berleburg
http://www.wikidata.org/entity/Q1797989,Princess Alexandra of Sayn-Wittgenstein-Berleburg,Alexandra Rosemarie Ingrid Benedikte of Sayn-Wittgenstein-Berleburg
http://www.wikidata.org/entity/Q1797989,Princess Alexandra of Sayn-Wittgenstein-Berleburg,Alexandra Rosemarie Ingrid Benedikte Prinzessin zu Sayn-Wittgenstein-Berleburg
http://www.wikidata.org/entity/Q1797989,Princess Alexandra of Sayn-Wittgenstein-Berleburg,Princess Alexandra Rosemarie Ingrid Benedikte of Sayn-Wittgenstein-Berleburg
http://www.wikidata.org/entity/Q1850305,"Prince Carlo, Duke of Castro",Prince Carlo Maria Bernardo Gennaro of Bourbon-Two Sicilies
http://www.wikidata.org/entity/Q1850305,"Prince Carlo, Duke of Castro","Prince Carlo of Bourbon-Two Sicilies, The Duke of Castro"
http://www.wikidata.org/entity/Q1871533,Louis Alphonse de Bourbon,Louis XX
http://www.wikidata.org/entity/Q1871533,Louis Alphonse de Bourbon,Luis Alfonso de Borbón y de Martinez
http://www.wikidata.org/entity/Q1618862,Hilmar Bussche-Haddenhausen,Hilmar Freiherr von dem Bussche-Haddenhausen
http://www.wikidata.org/entity/Q1626864,Princess Claude d’Orléans,Princess Claude Marie Agnès Catherine d'Orléans
http://www.wikidata.org/entity/Q1626864,Princess Claude d’Orléans,"Princess Claude, Duchess of Aosta"
http://www.wikidata.org/entity/Q1640126,Prince Vincent of Denmark,"Prince Vincent Frederik Minik Alexander of Denmark, Count of Monpezat"
http://www.wikidata.org/entity/Q1640126,Prince Vincent of Denmark,"Prince Vincent of Denmark, Count of Monpezat"
http://www.wikidata.org/entity/Q1640126,Prince Vincent of Denmark,Vincent Frederik Minik Alexander
http://www.wikidata.org/entity/Q1640126,Prince Vincent of Denmark,"Vincent Frederik Minik Alexander, Prince of Denmark"
http://www.wikidata.org/entity/Q1699743,"John Dalrymple, 14th Earl of Stair","John David James Dalrymple, 14th Earl of Stair"
http://www.wikidata.org/entity/Q1699743,"John Dalrymple, 14th Earl of Stair",John Stair
http://www.wikidata.org/entity/Q1753485,Nicholas de Roumanie,Nicholas de Roumanie
http://www.wikidata.org/entity/Q1753485,Nicholas de Roumanie,Nicholas Michael de Roumanie
http://www.wikidata.org/entity/Q1753485,Nicholas de Roumanie,Nicholas Michael de Roumanie Medforth-Mills
http://www.wikidata.org/entity/Q1753485,Nicholas de Roumanie,Nicholas Michael de Roumanie-Medforth-Mills
http://www.wikidata.org/entity/Q1753485,Nicholas de Roumanie,Nicolae de Roumanie-Medforth-Mills
http://www.wikidata.org/entity/Q1753485,Nicholas de Roumanie,Nicolae Michael de Roumanie
http://www.wikidata.org/entity/Q1753485,Nicholas de Roumanie,Nicolae Michael de Roumanie-Medforth-Mills
http://www.wikidata.org/entity/Q1758535,"Patrick Bowes-Lyon, 15th Earl of Strathmore and Kinghorne","Patrick Bowes-Lyon, 15th and 2nd Earl of Strathmore and Kinghorne"
http://www.wikidata.org/entity/Q1765834,Princess Margarita de Bourbon de Parme,Margarita de Bourbon de Parme
http://www.wikidata.org/entity/Q1765834,Princess Margarita de Bourbon de Parme,Margarita Maria Beatriz de Bourbon de Parme
http://www.wikidata.org/entity/Q1765834,Princess Margarita de Bourbon de Parme,Margarita Maria Beatriz di Borbone-Parma
http://www.wikidata.org/entity/Q1765834,Princess Margarita de Bourbon de Parme,Princess Margarita Maria Beatriz de Bourbon de Parme
http://www.wikidata.org/entity/Q1765834,Princess Margarita de Bourbon de Parme,"Princess Margarita, Countess of Colorno"
http://www.wikidata.org/entity/Q2031618,"Prince Aimone, 6th Duke of Aosta","Prince Aimone, The 6th Duke of Aosta"
http://www.wikidata.org/entity/Q2031618,"Prince Aimone, 6th Duke of Aosta","Prince Aimone, The Duke of Aosta"
http://www.wikidata.org/entity/Q2036974,Countess Athena of Monpezat,Athena Marguerite Francoise Marie of Monpezat
http://www.wikidata.org/entity/Q2036974,Countess Athena of Monpezat,"Athena Marguerite Francoise Marie, Princess of Denmark"
http://www.wikidata.org/entity/Q2036974,Countess Athena of Monpezat,Countess Athena Marguerite Francoise Marie of Monpezat
http://www.wikidata.org/entity/Q2036974,Countess Athena of Monpezat,Princess Athena Marguerite Francoise Marie of Denmark
http://www.wikidata.org/entity/Q2036974,Countess Athena of Monpezat,"Princess Athena Marguerite Francoise Marie of Denmark, Countess of Monpezat"
http://www.wikidata.org/entity/Q2036974,Countess Athena of Monpezat,Princess Athena of Denmark
http://www.wikidata.org/entity/Q2036974,Countess Athena of Monpezat,"Princess Athena of Denmark, Countess of Monpezat"
http://www.wikidata.org/entity/Q2038298,James Lascelles,Hon. James Edward Lascelles
http://www.wikidata.org/entity/Q2038298,James Lascelles,Hon. James Lascelles
http://www.wikidata.org/entity/Q2038298,James Lascelles,James Edward Lascelles
http://www.wikidata.org/entity/Q2057996,Princess Luisa Maria of Belgium,Luisa Maria Anna Martine Pilar
http://www.wikidata.org/entity/Q2057996,Princess Luisa Maria of Belgium,"Luisa Maria de Belgique, Princesse de Belgique"
http://www.wikidata.org/entity/Q2057996,Princess Luisa Maria of Belgium,Luisa Maria van België
http://www.wikidata.org/entity/Q2071496,"Prince Amedeo, Hereditary Archduke of Austria-Este","Amedeo Marie de Belgique, Prince de Belgique"
http://www.wikidata.org/entity/Q1878458,Prince Bernhard of Orange-Nassau-Vollenhoven,"Bernhard Lucas Emmanuel of Orange-Nassau, van Vollenhoven"
http://www.wikidata.org/entity/Q1878458,Prince Bernhard of Orange-Nassau-Vollenhoven,"Bernhard Lucas Emmanuel van Vollenhoven, Prins van Oranje-Nassau"
http://www.wikidata.org/entity/Q1878458,Prince Bernhard of Orange-Nassau-Vollenhoven,"Bernhard of Orange-Nassau, van Vollenhoven"
http://www.wikidata.org/entity/Q1878458,Prince Bernhard of Orange-Nassau-Vollenhoven,"Bernhard van Oranje-Nassau, van Vollenhoven"
http://www.wikidata.org/entity/Q1878458,Prince Bernhard of Orange-Nassau-Vollenhoven,"Prince Bernhard Lucas Emmanuel of Orange-Nassau, van Vollenhoven"
http://www.wikidata.org/entity/Q1894917,"Princess Margaret, Hereditary Grand Duchess of Hesse and by Rhine",Hon. Margaret Campbell Geddes
http://www.wikidata.org/entity/Q1894917,"Princess Margaret, Hereditary Grand Duchess of Hesse and by Rhine",Margaret Campbell Geddes
http://www.wikidata.org/entity/Q1894917,"Princess Margaret, Hereditary Grand Duchess of Hesse and by Rhine","Margaret, Princess of Hesse and by Rhine"
http://www.wikidata.org/entity/Q1913939,"Prince Maximilian, Margrave of Baden",Maximilian Andreas Friedrich Gustav Ernst August Bernhard Prinz von Baden
http://www.wikidata.org/entity/Q1926723,Michael-Benedikt of Saxe-Weimar-Eisenach,Michael-Benedikt Prinz von Sachsen-Weimar-Eisenach
http://www.wikidata.org/entity/Q1936171,India Hicks,India Amanda Caroline Hicks
http://www.wikidata.org/entity/Q1938760,"Prince Alexander, Prince of Orange","Alexander, Prince of Orange"
http://www.wikidata.org/entity/Q1938760,"Prince Alexander, Prince of Orange",Prince Alexander of the Netherlands
http://www.wikidata.org/entity/Q1938760,"Prince Alexander, Prince of Orange","Prince Alexander of the Netherlands, The Prince of Orange"
http://www.wikidata.org/entity/Q1938760,"Prince Alexander, Prince of Orange","Prince Alexander of the Netherlands, The Prince of Orange, Prince of Orange-Nassau"
http://www.wikidata.org/entity/Q1938760,"Prince Alexander, Prince of Orange","Prince Alexander, The Prince of Orange, Prince of Orange-Nassau"
http://www.wikidata.org/entity/Q1948021,"Norton Knatchbull, 3rd Earl Mountbatten of Burma",Norton Brabourne
http://www.wikidata.org/entity/Q1948021,"Norton Knatchbull, 3rd Earl Mountbatten of Burma",Norton Knatchbull
http://www.wikidata.org/entity/Q1948021,"Norton Knatchbull, 3rd Earl Mountbatten of Burma","Norton Knatchbull, 8th Baron Brabourne"
http://www.wikidata.org/entity/Q1948021,"Norton Knatchbull, 3rd Earl Mountbatten of Burma","Norton Knatchbull, Lord Romsey"
http://www.wikidata.org/entity/Q1948021,"Norton Knatchbull, 3rd Earl Mountbatten of Burma","Norton Louis Philip Knatchbull, 3rd Earl Mountbatten of Burma"
http://www.wikidata.org/entity/Q1948021,"Norton Knatchbull, 3rd Earl Mountbatten of Burma","Norton Louis Philip Knatchbull, 8th Baron Brabourne"
http://www.wikidata.org/entity/Q1948021,"Norton Knatchbull, 3rd Earl Mountbatten of Burma","Norton Louis Philip Knatchbull, Lord Romsey"
http://www.wikidata.org/entity/Q1948021,"Norton Knatchbull, 3rd Earl Mountbatten of Burma",Norton Mountbatten
http://www.wikidata.org/entity/Q1948021,"Norton Knatchbull, 3rd Earl Mountbatten of Burma",Norton Romsey
http://www.wikidata.org/entity/Q1966130,Prince Philippos of Greece and Denmark,Philippos of Greece and Denmark
http://www.wikidata.org/entity/Q1966130,Prince Philippos of Greece and Denmark,"Philippos zu Schleswig-Holstein-Sonderburg-Glücksburg, Prince of Greece and Denmark"
http://www.wikidata.org/entity/Q1999473,Prince Pieter-Christiaan of Orange-Nassau-Vollenhoven,"Pieter-Christiaan Michiel van Vollenhoven, Prins van Oranje-Nassau"
http://www.wikidata.org/entity/Q1999473,Prince Pieter-Christiaan of Orange-Nassau-Vollenhoven,"Pieter-Christiaan van Oranje-Nassau, van Vollenhoven"
http://www.wikidata.org/entity/Q1999473,Prince Pieter-Christiaan of Orange-Nassau-Vollenhoven,Z.H. prins Pieter Christiaan
http://www.wikidata.org/entity/Q2001499,Princess Sibilla of Luxembourg,Sibilla
http://www.wikidata.org/entity/Q2001499,Princess Sibilla of Luxembourg,Sibilla Sandra Weiller
http://www.wikidata.org/entity/Q2010206,Marion Stein,Marion Thorpe
http://www.wikidata.org/entity/Q2010206,Marion Stein,Maria Stein
http://www.wikidata.org/entity/Q2010206,Marion Stein,"Maria Donata Nanetta Paulina Gustava Erwina Wilhelmine Lascelles, Countess of Harewood"
http://www.wikidata.org/entity/Q2010206,Marion Stein,Maria Donata Nanetta Paulina Gustava Erwina Wilhelmine Stein
http://www.wikidata.org/entity/Q2010206,Marion Stein,Maria Donata Nanetta Paulina Gustava Erwina Wilhelmine Thorpe
http://www.wikidata.org/entity/Q2010206,Marion Stein,Marion Harewood
http://www.wikidata.org/entity/Q2010206,Marion Stein,"Marion Lascelles, Countess of Harewood"
http://www.wikidata.org/entity/Q2019524,"Archduke Sigismund, Hereditary Grand Duke of Tuscany",Archduke Sigismund of Austria
http://www.wikidata.org/entity/Q2019524,"Archduke Sigismund, Hereditary Grand Duke of Tuscany",Archduke Sigismund Otto of Austria
http://www.wikidata.org/entity/Q2019524,"Archduke Sigismund, Hereditary Grand Duke of Tuscany","Archduke Sigismund Otto, Grand Duke of Tuscany"
http://www.wikidata.org/entity/Q2019524,"Archduke Sigismund, Hereditary Grand Duke of Tuscany","Archduke Sigismund, Grand Duke of Tuscany"
http://www.wikidata.org/entity/Q2019524,"Archduke Sigismund, Hereditary Grand Duke of Tuscany",Sigismund of Austria
http://www.wikidata.org/entity/Q2019524,"Archduke Sigismund, Hereditary Grand Duke of Tuscany",Sigismund Otto Erzherzog von Österreich
http://www.wikidata.org/entity/Q2019524,"Archduke Sigismund, Hereditary Grand Duke of Tuscany",Sigismund Otto of Austria
http://www.wikidata.org/entity/Q2031618,"Prince Aimone, 6th Duke of Aosta","Prince Aimone, Duke of Aosta"
http://www.wikidata.org/entity/Q2031618,"Prince Aimone, 6th Duke of Aosta",Aimone di Savoia-Aoste
http://www.wikidata.org/entity/Q2031618,"Prince Aimone, 6th Duke of Aosta",Prince Aimone of Savoy-Aosta
http://www.wikidata.org/entity/Q2031618,"Prince Aimone, 6th Duke of Aosta","Prince Aimone of Savoy-Aosta, The 6th Duke of Aosta"
http://www.wikidata.org/entity/Q2031618,"Prince Aimone, 6th Duke of Aosta","Prince Aimone of Savoy-Aosta, The Duke of Aosta"
http://www.wikidata.org/entity/Q2205590,Lord Leopold Mountbatten,Lord Leopold Arthur Louis Mountbatten
http://www.wikidata.org/entity/Q2205590,Lord Leopold Mountbatten,Major Lord Leopold Arthur Louis Mountbatten
http://www.wikidata.org/entity/Q2205590,Lord Leopold Mountbatten,Prince Leopold of Battenberg
http://www.wikidata.org/entity/Q2242035,Prince Alexander of Serbia,Prince Alexander of Yugoslavia
http://www.wikidata.org/entity/Q2278538,Princess Anne of Orléans,Anne d'Orléans
http://www.wikidata.org/entity/Q2278538,Princess Anne of Orléans,Anne Hélène Marie d'Orléans
http://www.wikidata.org/entity/Q2278538,Princess Anne of Orléans,Princess Anne Hélène Marie d'Orléans
http://www.wikidata.org/entity/Q2278538,Princess Anne of Orléans,"Princess Anne, Dowager Duchess of Aosta"
http://www.wikidata.org/entity/Q2278538,Princess Anne of Orléans,"Princess Anne, Duchess of Aosta"
http://www.wikidata.org/entity/Q2278538,Princess Anne of Orléans,"Princess Anne, The Dowager Duchess of Aosta"
http://www.wikidata.org/entity/Q2278538,Princess Anne of Orléans,"Princess Anne, The Duchess of Aosta"
http://www.wikidata.org/entity/Q2280905,Princess Helene of Waldeck and Pyrmont,Princess Helena of Waldeck and Pyrmont
http://www.wikidata.org/entity/Q2290508,"Prince Ferdinand Pius, Duke of Calabria",Ferdinand Prinz von Bourbon-Sizilien
http://www.wikidata.org/entity/Q2290508,"Prince Ferdinand Pius, Duke of Calabria",Ferdinando Pio Maria
http://www.wikidata.org/entity/Q2290508,"Prince Ferdinand Pius, Duke of Calabria",Prince Ferdinand Pius
http://www.wikidata.org/entity/Q2312463,"Princess Maria da Glória, Duchess of Segorbe",Dona Maria da Glória de Orléans-Bragança e Borbon
http://www.wikidata.org/entity/Q2312463,"Princess Maria da Glória, Duchess of Segorbe",Maria da Gloria
http://www.wikidata.org/entity/Q2314771,Prince Christoph of Hesse-Kassel,Prince Christoph Ernst August of Hesse
http://www.wikidata.org/entity/Q2314771,Prince Christoph of Hesse-Kassel,Prince Christoph of Hesse
http://www.wikidata.org/entity/Q2072516,Princess Anne d'Orléans,Anne d’Orléans
http://www.wikidata.org/entity/Q2072516,Princess Anne d'Orléans,Anne Maruerite Brigitte Marie d'Orléans
http://www.wikidata.org/entity/Q2072516,Princess Anne d'Orléans,Princess Anne d’Orléans
http://www.wikidata.org/entity/Q2072516,Princess Anne d'Orléans,Princess Anne Marguerite Brigitte Marie d'Orléans
http://www.wikidata.org/entity/Q2083425,Augustyn Józef Czartoryski,Augustyn Jozef Czartoryski
http://www.wikidata.org/entity/Q2083425,Augustyn Józef Czartoryski,Prince Joseph August Czartoryski
http://www.wikidata.org/entity/Q2099997,Baroness Gösta von dem Bussche-Haddenhausen,Gösta von dem Bussche-Haddenhausen
http://www.wikidata.org/entity/Q2099997,Baroness Gösta von dem Bussche-Haddenhausen,Gösta Julie Adelheid Marion Marie von Amsberg
http://www.wikidata.org/entity/Q2099997,Baroness Gösta von dem Bussche-Haddenhausen,Gösta Julie Adelheid Marion Marie von dem Bussche-Haddenhausen
http://www.wikidata.org/entity/Q2099997,Baroness Gösta von dem Bussche-Haddenhausen,Gösta von Amsberg
http://www.wikidata.org/entity/Q2121373,"Princess Carolina, Marchioness of Sala",Carolina de Bourbon de Parme
http://www.wikidata.org/entity/Q2121373,"Princess Carolina, Marchioness of Sala",Carolina of Bourbon-Parma
http://www.wikidata.org/entity/Q2121373,"Princess Carolina, Marchioness of Sala",Maria Carolina Christina of Bourbon-Parma
http://www.wikidata.org/entity/Q2121373,"Princess Carolina, Marchioness of Sala",Princess Carolina de Bourbon de Parme
http://www.wikidata.org/entity/Q2121373,"Princess Carolina, Marchioness of Sala",Princess Carolina of Bourbon-Parma
http://www.wikidata.org/entity/Q2121373,"Princess Carolina, Marchioness of Sala",Princess Maria Carolina Christina de Bourbon de Parme
http://www.wikidata.org/entity/Q2121373,"Princess Carolina, Marchioness of Sala",Princess Maria Carolina Christina of Bourbon-Parma
http://www.wikidata.org/entity/Q2131670,"Prince Georg Wilhelm, Hereditary Prince of Hanover",Prince Georg Wilhelm Christian Albert Edward Alexander Friedrich Waldemar Ernst Adolf of Hanover
http://www.wikidata.org/entity/Q2131670,"Prince Georg Wilhelm, Hereditary Prince of Hanover","Prince Georg Wilhelm Christian Albert Edward Alexander Friedrich Waldemar Ernst Adolf of Hanover, Hereditary Prince of Hanover"
http://www.wikidata.org/entity/Q2131670,"Prince Georg Wilhelm, Hereditary Prince of Hanover","Prince Georg Wilhelm Christian Albert Edward Alexander Friedrich Waldemar Ernst Adolf, Hereditary Prince of Hanover"
http://www.wikidata.org/entity/Q2131670,"Prince Georg Wilhelm, Hereditary Prince of Hanover","Prince Georg Wilhelm of Hanover, Hereditary Prince of Hanover"
http://www.wikidata.org/entity/Q2150403,Prince Richard of Hesse,Prince Richard of Hesse-Kassel
http://www.wikidata.org/entity/Q2150403,Prince Richard of Hesse,Prince Richard Wilhelm Leopold of Hesse
http://www.wikidata.org/entity/Q2150403,Prince Richard of Hesse,Prince Richard Wilhelm Leopold of Hesse-Kassel
http://www.wikidata.org/entity/Q2150403,Prince Richard of Hesse,Richard of Hesse
http://www.wikidata.org/entity/Q2150403,Prince Richard of Hesse,Richard of Hesse-Kassel
http://www.wikidata.org/entity/Q2150403,Prince Richard of Hesse,Richard von Hessen-Kassel
http://www.wikidata.org/entity/Q2150403,Prince Richard of Hesse,Richard Wilhelm Leopold of Hesse
http://www.wikidata.org/entity/Q2150403,Prince Richard of Hesse,Richard Wilhelm Leopold of Hesse-Kassel
http://www.wikidata.org/entity/Q2169403,Princess Herzeleide of Prussia,Herzeleide
http://www.wikidata.org/entity/Q2169403,Princess Herzeleide of Prussia,Herzeleide-Ina-Marie Sophie Charlotte Else Prinzessin von Preußen
http://www.wikidata.org/entity/Q2176785,Karoline of Wartensleben,Karoline Friederike Cäcilie Klothilde Gräfin von Wartensleben
http://www.wikidata.org/entity/Q2189056,Prince Alexander Ferdinand of Prussia,Prince Alexander Ferdinand Albrecht Achilles Wilhelm Joseph Viktor Karl Feodor of Prussia
http://www.wikidata.org/entity/Q2205590,Lord Leopold Mountbatten,Leopold Arthur Louis Mountbatten
http://www.wikidata.org/entity/Q2205590,Lord Leopold Mountbatten,Leopold Arthur Louis of Battenberg
http://www.wikidata.org/entity/Q2467920,Prince Peter of Serbia,Peter III Karađorđević
http://www.wikidata.org/entity/Q2467920,Prince Peter of Serbia,Peter Karađorđević
http://www.wikidata.org/entity/Q2467920,Prince Peter of Serbia,Peter Karageorgevitch
http://www.wikidata.org/entity/Q2467920,Prince Peter of Serbia,"Peter Karageorgievich, Prince of Yugoslavia"
http://www.wikidata.org/entity/Q2467920,Prince Peter of Serbia,Prince Peter of Yugoslavia
http://www.wikidata.org/entity/Q2468206,Grand Duke George Mikhailovich of Russia,George Mikhailovich Romanov
http://www.wikidata.org/entity/Q2468206,Grand Duke George Mikhailovich of Russia,"Grand Duke George Mikhailovich, The Grand Duke of Russia"
http://www.wikidata.org/entity/Q2468206,Grand Duke George Mikhailovich of Russia,"Grand Duke George Mikhailovich, The Grand Duke of Russia, Prince of Prussia"
http://www.wikidata.org/entity/Q2468206,Grand Duke George Mikhailovich of Russia,The Grand Duke George Mikhailovich
http://www.wikidata.org/entity/Q2468206,Grand Duke George Mikhailovich of Russia,The Grand Duke George Mikhailovich of Russia
http://www.wikidata.org/entity/Q2502204,"Princess Olga, Duchess of Aosta","Olga da Grécia, Duquesa de Apulia"
http://www.wikidata.org/entity/Q2502204,"Princess Olga, Duchess of Aosta",Princess Olga Isabelle of Greece
http://www.wikidata.org/entity/Q2502204,"Princess Olga, Duchess of Aosta","Princess Olga of Greece, The Duchess of Aosta"
http://www.wikidata.org/entity/Q2502204,"Princess Olga, Duchess of Aosta",Princess Olga of Savoy-Aosta
http://www.wikidata.org/entity/Q2525746,Duchess Elisabeth Alexandrine of Mecklenburg-Schwerin,Duchess Elisabeth of Mecklenburg-Schwerin
http://www.wikidata.org/entity/Q2534736,Princess Ortrud of Schleswig-Holstein-Sonderburg-Glücksburg,Ortrud of Schleswig-Holstein-Sonderburg-Glucksburg
http://www.wikidata.org/entity/Q2534736,Princess Ortrud of Schleswig-Holstein-Sonderburg-Glücksburg,Ortrude de Schleswig-Holstein-Sonderbourg-Glucksbourg
http://www.wikidata.org/entity/Q2537215,Prince Ferdinand of Bavaria,Ferdinand Maria Ludwig Franz von Assisi Isabellus Adalbert Ildefons Martin Bonifaz Joseph Isidro
http://www.wikidata.org/entity/Q2537215,Prince Ferdinand of Bavaria,Ferdinand von Bayern
http://www.wikidata.org/entity/Q2537215,Prince Ferdinand of Bavaria,Ferran Maria de Baviera
http://www.wikidata.org/entity/Q2537215,Prince Ferdinand of Bavaria,Infante don Fernando María de Baviera y de Borbón
http://www.wikidata.org/entity/Q2537215,Prince Ferdinand of Bavaria,"Infante Ferdinand of Bavaria and Bourbon, Prince of Bavaria"
http://www.wikidata.org/entity/Q2537215,Prince Ferdinand of Bavaria,Prince Ferdinand Maria of Bavaria
http://www.wikidata.org/entity/Q2576581,Irakli Bagration of Mukhrani,Irakli Bagration-Mukhraneli
http://www.wikidata.org/entity/Q2576581,Irakli Bagration of Mukhrani,Prince Irakli Georgeievich Bagration-Moukhransky
http://www.wikidata.org/entity/Q2591944,Princess Margarita of Leiningen,"Margarita, Princess of Hohenzollern"
http://www.wikidata.org/entity/Q2591944,Princess Margarita of Leiningen,"Princess Margarita, Princess of Hohenzollern"
http://www.wikidata.org/entity/Q2617325,Luís de Orléans e Bragança,Luis of Orleans-Braganza
http://www.wikidata.org/entity/Q2617325,Luís de Orléans e Bragança,Prince Luís of Orléans-Braganza
http://www.wikidata.org/entity/Q2621015,David Chavchavadze,"David Tchavchavadze, Prince Tchavchavadze"
http://www.wikidata.org/entity/Q2621015,David Chavchavadze,Prince David Chavchavadze
http://www.wikidata.org/entity/Q2624237,Princess Maria Pia of the Two Sicilies,Maria Pia di Borbone-Due Sicilie
http://www.wikidata.org/entity/Q2624237,Princess Maria Pia of the Two Sicilies,Princess Maria di Grazia
http://www.wikidata.org/entity/Q2631078,Sophie Winkleman,Lady Frederick Windsor
http://www.wikidata.org/entity/Q2631078,Sophie Winkleman,Sophie Lara Windsor
http://www.wikidata.org/entity/Q2631078,Sophie Winkleman,Sophie Windsor
http://www.wikidata.org/entity/Q2635204,Princess María de los Dolores of Bourbon-Two Sicilies,Princess Dolores of Bourbon-Two Sicilies
http://www.wikidata.org/entity/Q2653986,"Henry Lascelles, 6th Earl of Harewood",Henry Lascelles
http://www.wikidata.org/entity/Q2653986,"Henry Lascelles, 6th Earl of Harewood",Henry George Charles Lascelles
http://www.wikidata.org/entity/Q2653986,"Henry Lascelles, 6th Earl of Harewood","Henry George Charles Lascelles, 6th Earl of Harewood"
http://www.wikidata.org/entity/Q2653986,"Henry Lascelles, 6th Earl of Harewood","Henry George Charles Lascelles, Viscount Lascelles"
http://www.wikidata.org/entity/Q2653986,"Henry Lascelles, 6th Earl of Harewood",Henry Harewood
http://www.wikidata.org/entity/Q2653986,"Henry Lascelles, 6th Earl of Harewood","Henry Lascelles, Viscount Lascelles"
http://www.wikidata.org/entity/Q2653986,"Henry Lascelles, 6th Earl of Harewood",Lord Harewood
http://www.wikidata.org/entity/Q2679087,"Archduke Gottfried of Austria, Hereditary Grand Duke of Tuscany",Archduke Gottfried of Austria
http://www.wikidata.org/entity/Q2679087,"Archduke Gottfried of Austria, Hereditary Grand Duke of Tuscany",Archduke Gottfried of Austria-Tuscany
http://www.wikidata.org/entity/Q2317090,Count Henrik of Monpezat,Prince Henrik of Denmark
http://www.wikidata.org/entity/Q2317090,Count Henrik of Monpezat,Count Henrik Carl Joachim Alain of Monpezat
http://www.wikidata.org/entity/Q2317090,Count Henrik of Monpezat,Henrik Carl Joachim Alain
http://www.wikidata.org/entity/Q2317090,Count Henrik of Monpezat,Henrik Carl Joachim Alain of Monpezat
http://www.wikidata.org/entity/Q2317090,Count Henrik of Monpezat,"Henrik Carl Joachim Alain, Prince of Denmark"
http://www.wikidata.org/entity/Q2317090,Count Henrik of Monpezat,Prince Henrik Carl Joachim Alain of Denmark
http://www.wikidata.org/entity/Q2317090,Count Henrik of Monpezat,"Prince Henrik Carl Joachim Alain of Denmark, Count of Monpezat"
http://www.wikidata.org/entity/Q2317090,Count Henrik of Monpezat,"Prince Henrik of Denmark, Count of Monpezat"
http://www.wikidata.org/entity/Q2324276,"Prince Ferdinando, Duke of Castro",Ferdinando Maria
http://www.wikidata.org/entity/Q2324276,"Prince Ferdinando, Duke of Castro",Ferdinando Maria Andrea Alfonso Marcus
http://www.wikidata.org/entity/Q2325684,Prince Karl of Leiningen,Karl Vladimir Ernst Heinrich
http://www.wikidata.org/entity/Q2325684,Prince Karl of Leiningen,Karl Wladimir Ernst Heinrich Prinz zu Leiningen
http://www.wikidata.org/entity/Q2336212,Prince Aschwin of Lippe-Biesterfeld,Aschwin Prinz zur Lippe-Biesterfeld
http://www.wikidata.org/entity/Q2336212,Prince Aschwin of Lippe-Biesterfeld,Ernst Aschwin Zur Lippe-Biesterfeld
http://www.wikidata.org/entity/Q2351869,Prince Maurice of Battenberg,Maurice Victor Donald Battenberg
http://www.wikidata.org/entity/Q2351869,Prince Maurice of Battenberg,Prince Maurice Victor Donald of Battenberg
http://www.wikidata.org/entity/Q2354262,Princess Johanna of Hesse and by Rhine,Johanna Marina Eleonore
http://www.wikidata.org/entity/Q2377795,Countess Leonore of Orange-Nassau,"Countess Leonore of Orange-Nassau, Jonkvrouwe van Amsberg"
http://www.wikidata.org/entity/Q2377795,Countess Leonore of Orange-Nassau,Leonore Marie Irene Enrica van Oranje-Nassau van Amsberg Gravin van Oranje-Nassau
http://www.wikidata.org/entity/Q2377795,Countess Leonore of Orange-Nassau,Leonore van Oranje-Nassau van Amsberg
http://www.wikidata.org/entity/Q2379307,Princess Eugénie of Greece and Denmark,Eugénie of Greece and Denmark
http://www.wikidata.org/entity/Q2379307,Princess Eugénie of Greece and Denmark,Princess Eugenie of Greece and Denmark
http://www.wikidata.org/entity/Q2735203,Prince Maurice of the Netherlands,Maurice of the Netherlands
http://www.wikidata.org/entity/Q2735203,Prince Maurice of the Netherlands,Maurits of the Netherlands
http://www.wikidata.org/entity/Q2735203,Prince Maurice of the Netherlands,Maurits van Oranje-Nassau
http://www.wikidata.org/entity/Q2735203,Prince Maurice of the Netherlands,Prince Maurits of the Netherlands
http://www.wikidata.org/entity/Q2740253,Prince François d’Orléans,François d’Orléans
http://www.wikidata.org/entity/Q2740253,Prince François d’Orléans,François Henri Louis Marie d'Orléans
http://www.wikidata.org/entity/Q2740253,Prince François d’Orléans,Prince François Henri Louis Marie d'Orléans
http://www.wikidata.org/entity/Q2752971,"David Mountbatten, 3rd Marquess of Milford Haven","David Michael Mountbatten, 3rd Marquess of Milford Haven"
http://www.wikidata.org/entity/Q2754379,Duke Paul Friedrich of Mecklenburg-Schwerin,Duke Paul Frederick of Mecklenburg
http://www.wikidata.org/entity/Q2783067,Princess Lucia of Bourbon-Two Sicilies,Lucia de Bourbon
http://www.wikidata.org/entity/Q2783067,Princess Lucia of Bourbon-Two Sicilies,Lucia di Borbone Sicilie Duquesta d'Ancona
http://www.wikidata.org/entity/Q2783067,Princess Lucia of Bourbon-Two Sicilies,"Lucia, Duchess of Ancona"
http://www.wikidata.org/entity/Q2783067,Princess Lucia of Bourbon-Two Sicilies,Lucie di Borbone
http://www.wikidata.org/entity/Q2783067,Princess Lucia of Bourbon-Two Sicilies,Princess Lucia of the Two Sicilies
http://www.wikidata.org/entity/Q2783067,Princess Lucia of Bourbon-Two Sicilies,Princess Lucia of Two Sicilies
http://www.wikidata.org/entity/Q2793486,Prince Constantine Alexios of Greece and Denmark,Constantine-Alexios of Greece and Denmark
http://www.wikidata.org/entity/Q2793486,Prince Constantine Alexios of Greece and Denmark,Konstantinos Alexios zu Schleswig-Holstein-Sonderburg-Glücksburg
http://www.wikidata.org/entity/Q2793486,Prince Constantine Alexios of Greece and Denmark,Konstantinos-Alexios of Greece and Denmark
http://www.wikidata.org/entity/Q2793486,Prince Constantine Alexios of Greece and Denmark,Prince Constantine-Alexios of Greece and Denmark
http://www.wikidata.org/entity/Q2793486,Prince Constantine Alexios of Greece and Denmark,Prince Konstantinos Alexios of Greece and Denmark
http://www.wikidata.org/entity/Q2793486,Prince Constantine Alexios of Greece and Denmark,Prince Konstantinos-Alexios of Greece and Denmark
http://www.wikidata.org/entity/Q2800847,Prince Sigismund of Prussia,Franz Friedrich Sigismund
http://www.wikidata.org/entity/Q2800847,Prince Sigismund of Prussia,Prince Francis Frederick Sigismund of Prussia
http://www.wikidata.org/entity/Q2802589,Armgard of Sierstorpff-Cramm,Armgard Kunigunde Alharda Agnes Oda von Cramm
http://www.wikidata.org/entity/Q2802589,Armgard of Sierstorpff-Cramm,Armgard von Cramm
http://www.wikidata.org/entity/Q2802589,Armgard of Sierstorpff-Cramm,Baroness Armgard of Sierstorpff-Cramm
http://www.wikidata.org/entity/Q2802589,Armgard of Sierstorpff-Cramm,Baroness Armgard von Cramm
http://www.wikidata.org/entity/Q2412713,Infanta María Cristina of Spain,"Infanta María Cristina, Countess Marone"
http://www.wikidata.org/entity/Q2412713,Infanta María Cristina of Spain,María Cristina de Borbón y Battenberg
http://www.wikidata.org/entity/Q2414301,Antônio de Orleans e Bragança,Antônio João de Orléans e Bragança
http://www.wikidata.org/entity/Q2414886,Lady Margarita Armstrong-Jones,Hon. Margarita Armstrong-Jones
http://www.wikidata.org/entity/Q2414886,Lady Margarita Armstrong-Jones,Hon. Margarita Elizabeth Rose Alleyne Armstrong-Jones
http://www.wikidata.org/entity/Q2414886,Lady Margarita Armstrong-Jones,Lady Margarita Elizabeth Rose Alleyne Armstrong-Jones
http://www.wikidata.org/entity/Q2414886,Lady Margarita Armstrong-Jones,Margarita Elizabeth Rose Alleyne Armstrong-Jones
http://www.wikidata.org/entity/Q2423576,Princess Elena of Romania,Elena de Roumanie
http://www.wikidata.org/entity/Q2423576,Princess Elena of Romania,The Princess Elena
http://www.wikidata.org/entity/Q2423576,Princess Elena of Romania,The Princess Elena of Romania
http://www.wikidata.org/entity/Q2439092,Claus Felix von Amsberg,Klaus Felix von Amsberg
http://www.wikidata.org/entity/Q2464604,Prince Karl of Hesse,Karl von Hessen-Kassel
http://www.wikidata.org/entity/Q2464604,Prince Karl of Hesse,Karl Adolf Andreas of Hesse
http://www.wikidata.org/entity/Q2464604,Prince Karl of Hesse,Karl Adolf Andreas Prinz von Hessen-Kassel
http://www.wikidata.org/entity/Q2464604,Prince Karl of Hesse,Karl Adolf Andreas von Hessen-Kassel
http://www.wikidata.org/entity/Q2464604,Prince Karl of Hesse,Karl Prinz von Hessen-Kassel
http://www.wikidata.org/entity/Q2464604,Prince Karl of Hesse,Karl van Hessen-Kassel
http://www.wikidata.org/entity/Q2464604,Prince Karl of Hesse,Prince Karl Adolf Andreas of Hesse
http://www.wikidata.org/entity/Q2465289,Princess Maria Immacolata of the Two Sicilies,Maria Immacolata di Borbone-Due Sicilie
http://www.wikidata.org/entity/Q2465289,Princess Maria Immacolata of the Two Sicilies,"Maria Immaculee di Borbone, Principessa di Borbone delle Due Sicilie"
http://www.wikidata.org/entity/Q2802589,Armgard of Sierstorpff-Cramm,Countess Bodo von Oeynhausen
http://www.wikidata.org/entity/Q2802589,Armgard of Sierstorpff-Cramm,Princess Bernhard of Lippe-Biesterfeld
http://www.wikidata.org/entity/Q2823967,Adam Karol Czartoryski,Prince Adam Czartoryski
http://www.wikidata.org/entity/Q2871729,Princess Anne of Denmark,"Anne Anson, Viscountess Anson"
http://www.wikidata.org/entity/Q2871729,Princess Anne of Denmark,Anne Bowes-Lyon
http://www.wikidata.org/entity/Q2871729,Princess Anne of Denmark,"Anne Ferelith Fenella Anson, Viscountess Anson"
http://www.wikidata.org/entity/Q2871729,Princess Anne of Denmark,Anne Ferelith Fenella Bowes-Lyon
http://www.wikidata.org/entity/Q2871729,Princess Anne of Denmark,Princess Anne Ferelith Fenella of Denmark
http://www.wikidata.org/entity/Q2871729,Princess Anne of Denmark,Anne Anson
http://www.wikidata.org/entity/Q2871729,Princess Anne of Denmark,Anne Ferelith Fenella Anson
http://www.wikidata.org/entity/Q2929493,Béatrice d'Orléans,Béatrice Marie Guillemine Huguette de Pasquier de Franclieu
http://www.wikidata.org/entity/Q2939617,Carmen Martínez-Bordiú y Franco,"Carmen Martínez-Bordiú y Franco, 2nd Duchess of Franco"
http://www.wikidata.org/entity/Q2939617,Carmen Martínez-Bordiú y Franco,Dona Maria del Carmen Martinez-Bordiu y Franco
http://www.wikidata.org/entity/Q2958306,Prince Charles-Philippe d'Orléans,"Charles-Philippe d'Orléans, duc d'Anjou"
http://www.wikidata.org/entity/Q2958306,Prince Charles-Philippe d'Orléans,Charles-Philippe Marie Louis d'Orléans
http://www.wikidata.org/entity/Q2960441,"Charles Wellesley, 9th Duke of Wellington","Arthur Charles Valerian Wellesley, 9th Duke of Wellington"
http://www.wikidata.org/entity/Q2960441,"Charles Wellesley, 9th Duke of Wellington","Arthur Charles Valerian Wellesley, Marquess of Douro, 10th Duke of Ciudad Rodrigo, Grandee of Spain"
http://www.wikidata.org/entity/Q2960441,"Charles Wellesley, 9th Duke of Wellington","Charles Wellesley, Marquess of Douro"
http://www.wikidata.org/entity/Q2960441,"Charles Wellesley, 9th Duke of Wellington",The Lord Douro
http://www.wikidata.org/entity/Q2962982,Gerald David Lascelles,Gerald Lascelles
http://www.wikidata.org/entity/Q2962982,Gerald David Lascelles,Hon. Gerald Lascelles
http://www.wikidata.org/entity/Q2962982,Gerald David Lascelles,Hon. Gerald David Lascelles
http://www.wikidata.org/entity/Q3026877,Prince Waldemar of Prussia,Joachim Friedrich Ernst Waldemar Prinz von Preußen
http://www.wikidata.org/entity/Q3026877,Prince Waldemar of Prussia,Prince Joachim Friedrich Ernst Waldemar of Prussia
http://www.wikidata.org/entity/Q3026877,Prince Waldemar of Prussia,Waldemar Prinz von Preßen
http://www.wikidata.org/entity/Q3035416,Prince Dominik Rainer Radziwiłł,Dominic Rainer Radziwill
http://www.wikidata.org/entity/Q3035416,Prince Dominik Rainer Radziwiłł,Dominik Rainer Radziwiłł
http://www.wikidata.org/entity/Q3035416,Prince Dominik Rainer Radziwiłł,Dominique Radziwill
http://www.wikidata.org/entity/Q3035416,Prince Dominik Rainer Radziwiłł,Prince Dominic Rainer Radziwill
http://www.wikidata.org/entity/Q3052995,Emmanuelle de Dampierre,Emanuela de Dampierre
http://www.wikidata.org/entity/Q3052995,Emmanuelle de Dampierre,Emmanuela de Dampierre
http://www.wikidata.org/entity/Q3052995,Emmanuelle de Dampierre,Manuela Dampierre
http://www.wikidata.org/entity/Q3059503,Prince Eudes d'Orléans,Eudes d'Orléans
http://www.wikidata.org/entity/Q3059503,Prince Eudes d'Orléans,Eudes Thibaut Joseph Maria d'Orléans
http://www.wikidata.org/entity/Q3059503,Prince Eudes d'Orléans,Prince Eudes Thibaut Joseph Maria d'Orléans
http://www.wikidata.org/entity/Q3077944,Savannah Phillips,Savannah Anne Kathleen Phillips
http://www.wikidata.org/entity/Q3077944,Savannah Phillips,Savannah Philips
http://www.wikidata.org/entity/Q3141755,Prince Floris of Orange-Nassau-Vollenhoven,"Floris Frederik Martijn van Vollenhoven, Prins van Oranje-Nassau"
http://www.wikidata.org/entity/Q3141755,Prince Floris of Orange-Nassau-Vollenhoven,"Floris of Orange-Nassau, van Vollenhoven"
http://www.wikidata.org/entity/Q3141755,Prince Floris of Orange-Nassau-Vollenhoven,"Floris van Oranje-Nassau, van Vollenhoven"
http://www.wikidata.org/entity/Q3141755,Prince Floris of Orange-Nassau-Vollenhoven,Floris van Vollenhoven
http://www.wikidata.org/entity/Q3147302,Ian Malcolm,Ian Zachary Malcolm
http://www.wikidata.org/entity/Q3147302,Ian Malcolm,Sir Ian Zachary Malcolm
http://www.wikidata.org/entity/Q3147302,Ian Malcolm,"Sir Ian Zachary Malcolm, 17th of Poltalloch"
http://www.wikidata.org/entity/Q3185931,Princess Josephine of Denmark,Josephine Sophia Ivalo Mathilda
http://www.wikidata.org/entity/Q3185931,Princess Josephine of Denmark,"Josephine Sophia Ivalo Mathilda, Princess of Denmark"
http://www.wikidata.org/entity/Q3185931,Princess Josephine of Denmark,"Princess Josephine of Denmark, Countess of Monpezat"
http://www.wikidata.org/entity/Q3185931,Princess Josephine of Denmark,"Princess Josephine Sophia Ivalo Mathilda of Denmark, Countess of Monpezat"
http://www.wikidata.org/entity/Q3198365,Archduke Leopold Franz of Austria,Leopold Franz Erzherzog von Österreich
http://www.wikidata.org/entity/Q3232528,Irene Urdangarin y de Borbón,Irene de Todos los Santos Urdangarin y de Borbón
http://www.wikidata.org/entity/Q3232528,Irene Urdangarin y de Borbón,Irene Urdangarin y de Borbon
http://www.wikidata.org/entity/Q3232528,Irene Urdangarin y de Borbón,Irene Urdangarín y de Borbón
http://www.wikidata.org/entity/Q3232528,Irene Urdangarin y de Borbón,Irene Urdangarín
http://www.wikidata.org/entity/Q3232528,Irene Urdangarin y de Borbón,Irene Urdangarin
http://www.wikidata.org/entity/Q3232562,Victoria de Marichalar y Borbón,Victoria Federica de Marichalar y Borbón
http://www.wikidata.org/entity/Q3232562,Victoria de Marichalar y Borbón,Victoria Federica de Todos los Santos Marichalar y de Borbón
http://www.wikidata.org/entity/Q3239518,Felipe de Marichalar y Borbón,Felipe Juan Froilán de Marichalar y Borbon
http://www.wikidata.org/entity/Q3239518,Felipe de Marichalar y Borbón,Felipe Juan Froilán de Marichalar y Borbón
http://www.wikidata.org/entity/Q3239518,Felipe de Marichalar y Borbón,Felipe Juan Froilán De Marichalar Y De Borbon
http://www.wikidata.org/entity/Q3239518,Felipe de Marichalar y Borbón,Felipe Juan Froilán de Todos los Santos de Marichalar y de Borbón
http://www.wikidata.org/entity/Q3239518,Felipe de Marichalar y Borbón,Froilán
http://www.wikidata.org/entity/Q3268142,"Philip, Hereditary Prince of Serbia",Filip Karađorđević
http://www.wikidata.org/entity/Q3268142,"Philip, Hereditary Prince of Serbia",Philip Karađorđević
http://www.wikidata.org/entity/Q3268142,"Philip, Hereditary Prince of Serbia","Philip Karageorgievich, Prince of Yugoslavia"
http://www.wikidata.org/entity/Q3268142,"Philip, Hereditary Prince of Serbia","Prince Philip, Hereditary Prince of Serbia"
http://www.wikidata.org/entity/Q3268153,Prince Alexander of Serbia,Prince Alexander of Yugoslavia
http://www.wikidata.org/entity/Q3268153,Prince Alexander of Serbia,Alexander Karageorgevitch
http://www.wikidata.org/entity/Q3268153,Prince Alexander of Serbia,"Alexander Karageorgievich, Prince of Yugoslavia"
http://www.wikidata.org/entity/Q3268153,Prince Alexander of Serbia,Prince Alexander of Yugoslavia (born 1982)
http://www.wikidata.org/entity/Q3268202,Lady Pamela Hicks,Lady Pamela Carmen Louise Hicks
http://www.wikidata.org/entity/Q3268202,Lady Pamela Hicks,Lady Pamela Carmen Louise Mountbatten
http://www.wikidata.org/entity/Q3268202,Lady Pamela Hicks,Lady Pamela Mountbatten
http://www.wikidata.org/entity/Q3268202,Lady Pamela Hicks,Pamela Carmen Louise Hicks
http://www.wikidata.org/entity/Q3268202,Lady Pamela Hicks,Pamela Carmen Louise Mountbatten
http://www.wikidata.org/entity/Q3268202,Lady Pamela Hicks,Pamela Mountbatten
http://www.wikidata.org/entity/Q3270399,"Xan Windsor, Lord Culloden",Xan Culloden
http://www.wikidata.org/entity/Q3270399,"Xan Windsor, Lord Culloden",Xan Richard Anders Windsor
http://www.wikidata.org/entity/Q3270399,"Xan Windsor, Lord Culloden","Xan Richard Anders Windsor, Lord Culloden"
http://www.wikidata.org/entity/Q3272681,Lady Cosima Windsor,Cosima Rose Alexandra Windsor
http://www.wikidata.org/entity/Q3272681,Lady Cosima Windsor,Cosima Windsor
http://www.wikidata.org/entity/Q3272681,Lady Cosima Windsor,Lady Cosima Rose Alexandra Windsor
http://www.wikidata.org/entity/Q3292104,"Princess Maria Luisa, 9th Princess of Koháry","Mariya Luiza of Bulgaria, Princess of Bulgaria"
http://www.wikidata.org/entity/Q3292104,"Princess Maria Luisa, 9th Princess of Koháry",Princess Maria Louisa of Bulgaria
http://www.wikidata.org/entity/Q3292104,"Princess Maria Luisa, 9th Princess of Koháry",Princess Marie Louise of Bulgaria
http://www.wikidata.org/entity/Q3292104,"Princess Maria Luisa, 9th Princess of Koháry","Princess Marie Louise, 9th Princess of Koháry"
http://www.wikidata.org/entity/Q3292297,Duchess Marie Thérèse of Württemberg,Maria Theresa Herzogin von Württemberg
http://www.wikidata.org/entity/Q3292297,Duchess Marie Thérèse of Württemberg,Princess Maria Theresa of Wurttemberg
http://www.wikidata.org/entity/Q3296460,María Margarita Vargas Santaella,"Marie Marguerite, Duchess of Anjou"
http://www.wikidata.org/entity/Q3304418,"Meghan, Duchess of Sussex",Duchess Meghan
http://www.wikidata.org/entity/Q3304418,"Meghan, Duchess of Sussex",Duchess Rachel
http://www.wikidata.org/entity/Q3304418,"Meghan, Duchess of Sussex",Meghan Markle
http://www.wikidata.org/entity/Q3304418,"Meghan, Duchess of Sussex",Meghan Sussex
http://www.wikidata.org/entity/Q3304418,"Meghan, Duchess of Sussex",Rachel Markle
http://www.wikidata.org/entity/Q3304418,"Meghan, Duchess of Sussex",Rachel Meghan Markle
http://www.wikidata.org/entity/Q3304418,"Meghan, Duchess of Sussex",Rachel Sussex
http://www.wikidata.org/entity/Q3311149,Prince Michel d'Orléans,Michel d'Orléans
http://www.wikidata.org/entity/Q3311149,Prince Michel d'Orléans,Michel Joseph Benoît Marie d'Orléans
http://www.wikidata.org/entity/Q3312290,Marina Ogilvy,Marina Victoria Alexandra Mowatt
http://www.wikidata.org/entity/Q3312290,Marina Ogilvy,Marina Victoria Alexandra Ogilvy
http://www.wikidata.org/entity/Q3337692,Prince Ludwig Rudolph of Hanover,Ludwig Prinz von Hannover
http://www.wikidata.org/entity/Q3337692,Prince Ludwig Rudolph of Hanover,Ludwig Rudolph Prinz von Hannover
http://www.wikidata.org/entity/Q3358467,Count Claus-Casimir of Orange-Nassau,"Claus-Casimir Bernhard Marius Max of Orange-Nassau, Jonkheer van Amsberg"
http://www.wikidata.org/entity/Q3358467,Count Claus-Casimir of Orange-Nassau,"Claus-Casimir of Orange-Nassau, Jonkheer van Amsberg"
http://www.wikidata.org/entity/Q3358467,Count Claus-Casimir of Orange-Nassau,Claus-Casimir van Oranje-Nassau van Amsberg
http://www.wikidata.org/entity/Q3358467,Count Claus-Casimir of Orange-Nassau,"Count Claus-Casimir Bernhard Marius Max of Orange-Nassau, Jonkheer van Amsberg"
http://www.wikidata.org/entity/Q3381015,Joseph-Marie-Philippe Lévêque de Vilmorin,Joseph-Marie-Philippe Leveque de Vilmorin
http://www.wikidata.org/entity/Q3381015,Joseph-Marie-Philippe Lévêque de Vilmorin,P. de Vilmorin
http://www.wikidata.org/entity/Q3381015,Joseph-Marie-Philippe Lévêque de Vilmorin,P.Vilm.
http://www.wikidata.org/entity/Q3381015,Joseph-Marie-Philippe Lévêque de Vilmorin,Philippe de Vilmorin
http://www.wikidata.org/entity/Q3382159,Pia Maria of Orléans-Braganza,Pia Maria de Orléans-Bragança e Borbon
http://www.wikidata.org/entity/Q3382159,Pia Maria of Orléans-Braganza,Pia Maria Raniera de Orléans e Bragança
http://www.wikidata.org/entity/Q3387469,"Prince Pedro, Duke of Calabria","Pedro Juan Maria Alejo Saturnino y todos los Santos di Borbone, Duca di Noto"
http://www.wikidata.org/entity/Q3424937,Princess Margarita of Baden,Margarita Prinzessin von Baden
http://www.wikidata.org/entity/Q3424937,Princess Margarita of Baden,Margarita von Baden
http://www.wikidata.org/entity/Q3512965,Eilika Duchess of Oldenburg,Archduchess Eilika
http://www.wikidata.org/entity/Q3512965,Eilika Duchess of Oldenburg,Archduchess Eilika Helene Jutta Clementine
http://www.wikidata.org/entity/Q3512965,Eilika Duchess of Oldenburg,"Archduchess Eilika, The Archduchess Georg of Austria"
http://www.wikidata.org/entity/Q3512965,Eilika Duchess of Oldenburg,Eilika Duchess of Oldenburg
http://www.wikidata.org/entity/Q3666240,"Princess Chantal, Duchess of Castro",Chantal de Chevron-Villette
http://www.wikidata.org/entity/Q3666240,"Princess Chantal, Duchess of Castro",Chantal Françoise Marie Camille de Chevron-Villette
http://www.wikidata.org/entity/Q3735133,Lord Frederick Windsor,Freddie Windsor
http://www.wikidata.org/entity/Q3735133,Lord Frederick Windsor,Frederick Windsor
http://www.wikidata.org/entity/Q3735133,Lord Frederick Windsor,Lord Frederick Michael George David Louis Windsor
http://www.wikidata.org/entity/Q3736601,Arthur Chatto,Arthur Robert Nathaniel Chatto
http://www.wikidata.org/entity/Q3736843,"Edward Windsor, Lord Downpatrick",Eddy Downpatrick
http://www.wikidata.org/entity/Q3736843,"Edward Windsor, Lord Downpatrick",Edward Downpatrick
http://www.wikidata.org/entity/Q3736843,"Edward Windsor, Lord Downpatrick","Edward Edmund Maximilian George Windsor, Baron Downpatrick"
http://www.wikidata.org/entity/Q3736843,"Edward Windsor, Lord Downpatrick",Lord Downpatrick
http://www.wikidata.org/entity/Q3741799,Flora Vesterberg,Flora Ogilvy
http://www.wikidata.org/entity/Q3743334,Marina Windsor,Lady Marina Charlotte Alexandra Katharine Helen Windsor
http://www.wikidata.org/entity/Q3743334,Marina Windsor,Lady Marina Charlotte Windsor
http://www.wikidata.org/entity/Q3743334,Marina Windsor,Lady Marina-Charlotte Alexandra Katherine Helen Windsor
http://www.wikidata.org/entity/Q3743334,Marina Windsor,Lady Marina-Charlotte Windsor
http://www.wikidata.org/entity/Q3743334,Marina Windsor,Marina Charlotte Windsor
http://www.wikidata.org/entity/Q3743334,Marina Windsor,Marina-Charlotte Windsor
http://www.wikidata.org/entity/Q3743378,Amelia Windsor,Lady Amelia Sophia Theodora Mary Margaret Windsor
http://www.wikidata.org/entity/Q3743378,Amelia Windsor,Mel Windsor
http://www.wikidata.org/entity/Q3743378,Amelia Windsor,The Lady Amelia Sophia Theodora Mary Margaret Windsor
http://www.wikidata.org/entity/Q3745365,Prince Filippo of the Two Sicilies,Filippo di Borbone-Due Sicilie
http://www.wikidata.org/entity/Q3745365,Prince Filippo of the Two Sicilies,Prince Philip of Bourbon-Two Sicilies
http://www.wikidata.org/entity/Q3756709,Prince Gabriel of the Two Sicilies,Gabriele di Borbone-Due Sicilie
http://www.wikidata.org/entity/Q3756709,Prince Gabriel of the Two Sicilies,Prince Gabriele of Bourbon-Two Sicilies
http://www.wikidata.org/entity/Q3847609,Infanta Maria de las Mercedes of Spain,"Dona Maria de las Mercedes de Baviera y de Borbon, Infanta d'España"
http://www.wikidata.org/entity/Q3856119,"Fergus Bowes-Lyon, 17th Earl of Strathmore and Kinghorne","Fergus Michael Claude Bowes-Lyon, 17th Earl of Strathmore and Kinghorne"
http://www.wikidata.org/entity/Q3960165,"Sidney Elphinstone, 16th Lord Elphinstone","Sidney Herbert Elphinstone, 16th Lord Elphinstone"
http://www.wikidata.org/entity/Q3991503,Timothy Bowes-Lyon,"Timothy Bowes-Lyon, 16th Earl of Strathmore and Kinghorne"
http://www.wikidata.org/entity/Q4006506,Princess Urraca of the Two Sicilies,Princess Urraca of Bourbon-Two Sicilies
http://www.wikidata.org/entity/Q4164797,Princess Tatiana of Sayn-Wittgenstein-Berleburg,Tatiana Louise Ursula Therese Elsa Prinzessin zu Sayn-Wittgenstein-Berleburg
http://www.wikidata.org/entity/Q4215159,Rafael de Orléans-Bragança,Rafael of Orléans-Braganza
http://www.wikidata.org/entity/Q4215159,Rafael de Orléans-Bragança,Rafael Antonio Maria José Francisco Miguel Gabriel Gonzaga de Orléans e Bragança e Ligne
http://www.wikidata.org/entity/Q4215159,Rafael de Orléans-Bragança,"Rafael de Orléans-Bragança e Ligne, Principe de Orléans-Bragança"
http://www.wikidata.org/entity/Q4215159,Rafael de Orléans-Bragança,Rafael of Orleans-Braganza
http://www.wikidata.org/entity/Q4259487,Prince Gaston d’Orléans,Gaston d'Orléans
http://www.wikidata.org/entity/Q4259487,Prince Gaston d’Orléans,Gaston Louis Antoine Marie d'Orléans
http://www.wikidata.org/entity/Q4259487,Prince Gaston d’Orléans,Prince Gaston Louis Antoine Marie d'Orléans
http://www.wikidata.org/entity/Q4285590,Wilhelm von Amsberg,Wilhelm Karl Friedrich August Louis von Amsberg
http://www.wikidata.org/entity/Q4383225,Prince Ernst August of Hanover,Ernst August Andreas Philipp Constantin Maximilian Rolf Stephan Ludwig Rudolph of Hanover
http://www.wikidata.org/entity/Q4383225,Prince Ernst August of Hanover,Ernst August Andreas Philipp Constantin Maximilian Rolf Stephan Ludwig Rudolph Prince of Hanover
http://www.wikidata.org/entity/Q4383225,Prince Ernst August of Hanover,"Ernst August Andreas Philipp Constantin Maximilian Rolf Stephan Ludwig Rudolph, Hereditary Prince of Hanover"
http://www.wikidata.org/entity/Q4383225,Prince Ernst August of Hanover,Ernst August Prince of Hanover
http://www.wikidata.org/entity/Q4383225,Prince Ernst August of Hanover,Ernst August Prinz von Hannover
http://www.wikidata.org/entity/Q4383225,Prince Ernst August of Hanover,Ernst August von Hannover
http://www.wikidata.org/entity/Q4383225,Prince Ernst August of Hanover,"Ernst August, Hereditary Prince of Hanover"
http://www.wikidata.org/entity/Q4383225,Prince Ernst August of Hanover,Prince Ernst August Andreas Philipp Constantin Maximilian Rolf Stephan Ludwig Rudolph of Hanover
http://www.wikidata.org/entity/Q4383225,Prince Ernst August of Hanover,Prince Ernst August Jr.
http://www.wikidata.org/entity/Q4383359,Prince Christian of Hanover,Christian Heinrich Clemens Paul Frank Peter Welf Wilhelm-Ernst Friedrich Franz of Hanover
http://www.wikidata.org/entity/Q4383359,Prince Christian of Hanover,Christian Heinrich Clemens Paul Frank Peter Welf Wilhelm-Ernst Friedrich Franz Prince of Hanover
http://www.wikidata.org/entity/Q4383359,Prince Christian of Hanover,Christian Heinrich Clemens Paul Frank Peter Welf Wilhelm-Ernst Friedrich Franz Prinz von Hannover
http://www.wikidata.org/entity/Q4383359,Prince Christian of Hanover,Christian Heinrich Clemens Paul Frank Peter Welf Wilhelm-Ernst Friedrich Franz von Hannover
http://www.wikidata.org/entity/Q4383359,Prince Christian of Hanover,Christian of Hanover
http://www.wikidata.org/entity/Q4383359,Prince Christian of Hanover,Christian Prince of Hanover
http://www.wikidata.org/entity/Q4383359,Prince Christian of Hanover,Christian Prinz von Hannover
http://www.wikidata.org/entity/Q4383359,Prince Christian of Hanover,Christian von Hannover
http://www.wikidata.org/entity/Q4383359,Prince Christian of Hanover,Cristián de Hannover
http://www.wikidata.org/entity/Q4383359,Prince Christian of Hanover,Prince Christian Heinrich Clemens Paul Frank Peter Welf Wilhelm-Ernst Friedrich Franz of Hanover
http://www.wikidata.org/entity/Q4493736,"Serena Armstrong-Jones, Countess of Snowdon",Hon. Serena Alleyne Stanhope
http://www.wikidata.org/entity/Q4493736,"Serena Armstrong-Jones, Countess of Snowdon",Hon. Serena Stanhope
http://www.wikidata.org/entity/Q4493736,"Serena Armstrong-Jones, Countess of Snowdon","Serena Alleyne Armstrong-Jones, Countess of Snowdon"
http://www.wikidata.org/entity/Q4493736,"Serena Armstrong-Jones, Countess of Snowdon",Serena Alleyne Stanhope
http://www.wikidata.org/entity/Q4493736,"Serena Armstrong-Jones, Countess of Snowdon",Serena Linley
http://www.wikidata.org/entity/Q4493736,"Serena Armstrong-Jones, Countess of Snowdon",Serena Snowdon
http://www.wikidata.org/entity/Q4493736,"Serena Armstrong-Jones, Countess of Snowdon",Serena Stanhope
http://www.wikidata.org/entity/Q4494086,Jeremy Lascelles,Hon. Jeremy Lascelles
http://www.wikidata.org/entity/Q4494086,Jeremy Lascelles,Hon. Robert Jeremy Hugh Lascelles
http://www.wikidata.org/entity/Q4494086,Jeremy Lascelles,Robert Jeremy Hugh Lascelles
http://www.wikidata.org/entity/Q4494086,Jeremy Lascelles,The Honourable Robert Jeremy Hugh Lascelles
http://www.wikidata.org/entity/Q4590751,Prince Nikola of Yugoslavia,"Nicholas Karageorgievich, Prince of Yugoslavia"
http://www.wikidata.org/entity/Q4590751,Prince Nikola of Yugoslavia,Nikola Karađorđević
http://www.wikidata.org/entity/Q4590751,Prince Nikola of Yugoslavia,Nikola Karageorgievich
http://www.wikidata.org/entity/Q4590782,Prince Nikola of Serbia,"Nikolas Karageorgievich, Prince of Yugoslavia"
http://www.wikidata.org/entity/Q4590996,Countess Zaria of Orange-Nassau,Countess Joanna Zaria Nicoline Milou of Orange-Nassau
http://www.wikidata.org/entity/Q4590996,Countess Zaria of Orange-Nassau,"Countess Zaria of Orange-Nassau, Jonkvrouwe van Amsberg"
http://www.wikidata.org/entity/Q4590996,Countess Zaria of Orange-Nassau,Joanna Zaria Nicoline Milou
http://www.wikidata.org/entity/Q4590996,Countess Zaria of Orange-Nassau,Joanna Zaria Nicoline Milou van Oranje-Nassau van Amsberg Gravin van Oranje-Nassau
http://www.wikidata.org/entity/Q4590996,Countess Zaria of Orange-Nassau,Zaria van Oranje-Nassau van Amsberg
http://www.wikidata.org/entity/Q4716439,"Alessandro Torlonia, 5th Prince of Civitella-Cesi","Alessandro Torlonia, 5th Principe di Civitella-Cessi"
http://www.wikidata.org/entity/Q4718803,"Alexander Elphinstone, 19th Lord Elphinstone",Alexander Elphinstone
http://www.wikidata.org/entity/Q4718803,"Alexander Elphinstone, 19th Lord Elphinstone","Alexander Mountstuart Elphinstone, 19th Lord Elphinstone"
http://www.wikidata.org/entity/Q4719359,"Alexander Lascelles, Viscount Lascelles","Alexander Edgar Lascelles, Viscount Lascelles"
http://www.wikidata.org/entity/Q4719359,"Alexander Lascelles, Viscount Lascelles",Hon. Alexander Edgar Lascelles
http://www.wikidata.org/entity/Q4719359,"Alexander Lascelles, Viscount Lascelles",Hon. Alexander Lascelles
http://www.wikidata.org/entity/Q4719359,"Alexander Lascelles, Viscount Lascelles",Orly Lascelles
http://www.wikidata.org/entity/Q4720674,Alexandra Hooper,Alexandra Victoria Edwina Diana Hooper
http://www.wikidata.org/entity/Q4720674,Alexandra Hooper,Alexandra Victoria Edwina Diana Knatchbull
http://www.wikidata.org/entity/Q4720674,Alexandra Hooper,Hon. Alexandra Hooper
http://www.wikidata.org/entity/Q4720674,Alexandra Hooper,Hon. Alexandra Knatchbull
http://www.wikidata.org/entity/Q4720674,Alexandra Hooper,Hon. Alexandra Victoria Edwina Diana Hooper
http://www.wikidata.org/entity/Q4720674,Alexandra Hooper,Hon. Alexandra Victoria Edwina Diana Knatchbull
http://www.wikidata.org/entity/Q4720674,Alexandra Hooper,Lady Alexandra Knatchbull
http://www.wikidata.org/entity/Q4720674,Alexandra Hooper,Lady Alexandra Victoria Edwina Diana Hooper
http://www.wikidata.org/entity/Q4720674,Alexandra Hooper,Lady Alexandra Victoria Edwina Diana Knatchbull
http://www.wikidata.org/entity/Q4742208,"Ameli, Duchess of Oldenburg",Ameli Prinzessin zu Löwenstein-Wertheim-Freudenberg
http://www.wikidata.org/entity/Q4751836,"Anastasia, Princess of Löwenstein-Wertheim-Rosenberg","Princess Anastasia of Prussia, The Princess of Löwenstein-Wertheim-Rosenberg"
http://www.wikidata.org/entity/Q4751836,"Anastasia, Princess of Löwenstein-Wertheim-Rosenberg",Princess Anastasia Viktoria Cecile of Prussia
http://www.wikidata.org/entity/Q4751836,"Anastasia, Princess of Löwenstein-Wertheim-Rosenberg","Princess Anastasia, The Princess of  Löwenstein-Wertheim-Rosenberg"
http://www.wikidata.org/entity/Q4800637,"Arthur Wellesley, Earl of Mornington","Arthur Wellesley, Marquess of Douro"
http://www.wikidata.org/entity/Q4800637,"Arthur Wellesley, Earl of Mornington",Arthur Douro
http://www.wikidata.org/entity/Q4800637,"Arthur Wellesley, Earl of Mornington","Arthur Gerald Wellesley, Earl of Mornington"
http://www.wikidata.org/entity/Q4800637,"Arthur Wellesley, Earl of Mornington","Arthur Gerald Wellesley, Marquess of Douro"
http://www.wikidata.org/entity/Q4800637,"Arthur Wellesley, Earl of Mornington",Arthur Mornington
http://www.wikidata.org/entity/Q4925346,Princess Béatrice of the Two Sicilies,Béatrice Marie Caroline Louise Françoise de Bourbon
http://www.wikidata.org/entity/Q4925346,Princess Béatrice of the Two Sicilies,Princess Beatrice of Bourbon-Two Sicilies
http://www.wikidata.org/entity/Q4925346,Princess Béatrice of the Two Sicilies,Princess Beatrice of the Two Sicilies
http://www.wikidata.org/entity/Q4992674,Prince Maurits of Orange-Nassau-Vollenhoven,"Maurits of Orange-Nassau, van Vollenhoven"
http://www.wikidata.org/entity/Q4992674,Prince Maurits of Orange-Nassau-Vollenhoven,"Maurits Willem Pieter Hendrik of Orange-Nassau, van Vollenhoven"
http://www.wikidata.org/entity/Q4992674,Prince Maurits of Orange-Nassau-Vollenhoven,"Prince Maurits Willem Pieter Hendrik of Orange-Nassau, van Vollenhoven"
http://www.wikidata.org/entity/Q4994262,"Princess Camilla, Duchess of Castro",Camilla Crociani
http://www.wikidata.org/entity/Q4994262,"Princess Camilla, Duchess of Castro",Camilla de Bourbon des Deux-Siciles
http://www.wikidata.org/entity/Q4994262,"Princess Camilla, Duchess of Castro",Camilla di Borbone delle Due Sicilie
http://www.wikidata.org/entity/Q4994262,"Princess Camilla, Duchess of Castro","Princess Camilla, The Duchess of Castro"
http://www.wikidata.org/entity/Q4994262,"Princess Camilla, Duchess of Castro",Queen Camilla of the Two Sicilies
http://www.wikidata.org/entity/Q4994262,"Princess Camilla, Duchess of Castro","Queen Camilla, Queen Consort of the Two Sicilies"
http://www.wikidata.org/entity/Q4994262,"Princess Camilla, Duchess of Castro","Queen Camilla, The Queen Consort of the Two Sicilies"
http://www.wikidata.org/entity/Q5041442,"Prince Carlo Alessandro, 3rd Duke of Castel Duino","Carlo Alessandro della Torre e Tasso, Duke di Castel Duino"
http://www.wikidata.org/entity/Q5041442,"Prince Carlo Alessandro, 3rd Duke of Castel Duino","Prince Carlo Alessandro della Torre e Tasso, Duke di Castel Duino"
http://www.wikidata.org/entity/Q5066498,Carlos Morales Quintana,Carlos Morales y Quintana
http://www.wikidata.org/entity/Q5231604,David Bowes-Lyon,Hon. Sir David Bowes-Lyon
http://www.wikidata.org/entity/Q5231604,David Bowes-Lyon,Sir David Bowes-Lyon
http://www.wikidata.org/entity/Q5238032,David Nightingale Hicks,David Hicks
http://www.wikidata.org/entity/Q5311288,Donata of Mecklenburg,Donata Prinzessin von Mecklenburg-Schwerin
http://www.wikidata.org/entity/Q5312748,Christian Duke  of Oldenburg,"Christian Nicholas Udo Peter von Holstein-Gottorp, Herzog von Oldenburg"
http://www.wikidata.org/entity/Q5312748,Christian Duke  of Oldenburg,Christian Nikolaus Udo Peter
http://www.wikidata.org/entity/Q5312748,Christian Duke  of Oldenburg,Christian von Oldenburg
http://www.wikidata.org/entity/Q5384669,Elena Sanz,Elena Sanz y Martinez de Arrizala
http://www.wikidata.org/entity/Q5408136,Bagrat de Bagration y de Baviera,Principe Bagrat de Bagration y de Baviera y Borbon
http://www.wikidata.org/entity/Q5809645,"Prince Jaime, Count of Bardi",H.R.H. Prince Jaime de Bourbon de Parme
http://www.wikidata.org/entity/Q5809645,"Prince Jaime, Count of Bardi",Jaime Bernando Prins de Bourbon de Parme Principe di Parma
http://www.wikidata.org/entity/Q5809645,"Prince Jaime, Count of Bardi",Jaime de Bourbon de Parme
http://www.wikidata.org/entity/Q5921597,Isla Phillips,Isla Elizabeth Phillips
http://www.wikidata.org/entity/Q6049946,Olimpia Torlonia,Olympia Torlonia
http://www.wikidata.org/entity/Q6069164,"Irene Mountbatten, Marchioness of Carisbrooke",Irene Denison
http://www.wikidata.org/entity/Q6228439,"John Dalrymple, 13th Earl of Stair",John Stair
http://www.wikidata.org/entity/Q6228439,"John Dalrymple, 13th Earl of Stair","John Aymer Dalrymple, 13th Earl of Stair"
http://www.wikidata.org/entity/Q6228439,"John Dalrymple, 13th Earl of Stair","John Aymer Dalrymple, Viscount Dalrymple"
http://www.wikidata.org/entity/Q6228439,"John Dalrymple, 13th Earl of Stair","John Dalrymple, Viscount Dalrymple"
http://www.wikidata.org/entity/Q6350285,Lady Paola Windsor,Paola Doimi de Lupis Frankopan Šubić Zrinski
http://www.wikidata.org/entity/Q6350285,Lady Paola Windsor,Paola Frankopan
http://www.wikidata.org/entity/Q6350285,Lady Paola Windsor,Paola Louise Marica Doimi de Lupis
http://www.wikidata.org/entity/Q6350285,Lady Paola Windsor,"Paola Luisa Marica Frankopan Subic Zrinski, Countess Doimi de Lupis"
http://www.wikidata.org/entity/Q6350285,Lady Paola Windsor,Princess Paola Doimi de Lupis de Frankopan Šubić Zrinski
http://www.wikidata.org/entity/Q6351902,Princess Sophie of Saxe-Weimar-Eisenach,Princess Sophie Louise of Saxe-Weimar-Eisenach
http://www.wikidata.org/entity/Q6351902,Princess Sophie of Saxe-Weimar-Eisenach,Sophie Luise Prinzessin von Sachsen-Weimar-Eisenach
http://www.wikidata.org/entity/Q6408488,Laetitia d'Arenberg,Laetitia Marie Madelaine Susanne Valentine de Belzunce-d'Arenberg
http://www.wikidata.org/entity/Q6425396,"Princess Valerie, Margravine of Baden",Archduchess Valerie of Austria
http://www.wikidata.org/entity/Q6425396,"Princess Valerie, Margravine of Baden",Valerie Isabella Erzherzogin von Österreich
http://www.wikidata.org/entity/Q6469925,Amanda Ellingworth,Amanda Knatchbull
http://www.wikidata.org/entity/Q6469925,Amanda Ellingworth,Amanda Knatchbull Ellingworth
http://www.wikidata.org/entity/Q6469925,Amanda Ellingworth,Amanda Patricia Victoria Ellingworth
http://www.wikidata.org/entity/Q6469925,Amanda Ellingworth,Amanda Patricia Victoria Knatchbull
http://www.wikidata.org/entity/Q6469925,Amanda Ellingworth,Lady Amanda Knatchbull
http://www.wikidata.org/entity/Q6469925,Amanda Ellingworth,Lady Amanda Patricia Victoria Ellingworth
http://www.wikidata.org/entity/Q6469925,Amanda Ellingworth,Lady Amanda Patricia Victoria Knatchbull
http://www.wikidata.org/entity/Q6469999,Brigid Guinness,Brigid Katharine Rachel Guinness
http://www.wikidata.org/entity/Q6469999,Brigid Guinness,Brigid Katharine Rachel Ness
http://www.wikidata.org/entity/Q6469999,Brigid Guinness,Brigid Ness
http://www.wikidata.org/entity/Q6469999,Brigid Guinness,Lady Brigid Katharine Rachel Guinness
http://www.wikidata.org/entity/Q6469999,Brigid Guinness,Lady Brigid Katharine Rachel Ness
http://www.wikidata.org/entity/Q6469999,Brigid Guinness,Lady Brigid Ness
http://www.wikidata.org/entity/Q6469999,Brigid Guinness,Princess Frederick of Prussia
http://www.wikidata.org/entity/Q6490795,"Marie Alix, Duchess of Schleswig-Holstein",Marie-Alix Prinzessin zu Schaumburg-Lippe
http://www.wikidata.org/entity/Q6490795,"Marie Alix, Duchess of Schleswig-Holstein",Princess Marie Alix of Schaumburg-Lippe
http://www.wikidata.org/entity/Q6526686,"Leonora Anson, Countess of Lichfield",Lady Leonora Grosvenor
http://www.wikidata.org/entity/Q6526686,"Leonora Anson, Countess of Lichfield",Lady Leonora Mary Grosvenor
http://www.wikidata.org/entity/Q6526686,"Leonora Anson, Countess of Lichfield",Leonora Grosvenor
http://www.wikidata.org/entity/Q6526686,"Leonora Anson, Countess of Lichfield",Leonora Lichfield
http://www.wikidata.org/entity/Q6526686,"Leonora Anson, Countess of Lichfield","Leonora Mary Anson, Countess of Lichfield"
http://www.wikidata.org/entity/Q6526686,"Leonora Anson, Countess of Lichfield",Leonora Mary Grosvenor
http://www.wikidata.org/entity/Q6526686,"Leonora Anson, Countess of Lichfield","Leonora Mary, Countess of Lichfield"
http://www.wikidata.org/entity/Q6526686,"Leonora Anson, Countess of Lichfield","Leonora, Countess of Lichfield"
http://www.wikidata.org/entity/Q6530298,Princess Christina Margarethe of Hesse,Christina Margarethe of Hesse
http://www.wikidata.org/entity/Q6530298,Princess Christina Margarethe of Hesse,Christine of Hesse-Cassel
http://www.wikidata.org/entity/Q6658829,Princess Irina of Romania,Irina de Roumanie
http://www.wikidata.org/entity/Q6658829,Princess Irina of Romania,Irina Walker
http://www.wikidata.org/entity/Q6658829,Princess Irina of Romania,The Princess Irina of Romania
http://www.wikidata.org/entity/Q6679418,Lord Ivar Mountbatten,Ivar Alexander Michael Mountbatten
http://www.wikidata.org/entity/Q6679418,Lord Ivar Mountbatten,Ivar Mountbatten
http://www.wikidata.org/entity/Q6679418,Lord Ivar Mountbatten,Lord Ivar Alexander Michael Mountbatten
http://www.wikidata.org/entity/Q6757730,"Marco Torlonia, 6th Prince of Civitella-Cesi","Marco Alfonso Torlonia, 6th Principe di Civitella-Cessi"
http://www.wikidata.org/entity/Q6759834,Margaret Rhodes,Margaret Elphinstone
http://www.wikidata.org/entity/Q6759834,Margaret Rhodes,Hon Margaret Elphinstone
http://www.wikidata.org/entity/Q6759834,Margaret Rhodes,Hon Margaret Rhodes
http://www.wikidata.org/entity/Q6759834,Margaret Rhodes,Hon. Margaret Elphinstone
http://www.wikidata.org/entity/Q6759834,Margaret Rhodes,Hon. Margaret Rhodes
http://www.wikidata.org/entity/Q6779476,"Mary Elphinstone, Lady Elphinstone",Lady Mary Bowes-Lyon
http://www.wikidata.org/entity/Q6779476,"Mary Elphinstone, Lady Elphinstone",Lady Mary Frances Bowes-Lyon
http://www.wikidata.org/entity/Q6779476,"Mary Elphinstone, Lady Elphinstone","Mary Frances Elphinstone, Lady Elphinstone"
http://www.wikidata.org/entity/Q7028910,"Nicodemus, Hereditary Prince of Löwenstein-Wertheim-Rosenberg",Nicodemus Prinz zu Löwenstein-Wertheim-Rosenberg
http://www.wikidata.org/entity/Q7243973,Eudes de Orléans e Bragança,Dom Eudes de Orléans-Bragança e Wittelsbach
http://www.wikidata.org/entity/Q7243973,Eudes de Orléans e Bragança,Eudes of Orleans-Braganza
http://www.wikidata.org/entity/Q7243987,Prince Friedrich Wilhelm of Lippe,Friedrich Wilhelm Ernst Victor Alexander Prinz zur Lippe
http://www.wikidata.org/entity/Q7243987,Prince Friedrich Wilhelm of Lippe,Friedrich Wilhelm of Lippe
http://www.wikidata.org/entity/Q7244117,Prince Karl Emich of Leiningen,Emperor Nicholas III
http://www.wikidata.org/entity/Q7244117,Prince Karl Emich of Leiningen,Karl-Emich Nikolaus Friedrich Hermann Erbprinz zu Leiningen
http://www.wikidata.org/entity/Q7244117,Prince Karl Emich of Leiningen,Nikolai Kirillovich Romanov
http://www.wikidata.org/entity/Q7244274,Prince Wilhelm Victor of Prussia,Wilhelm-Victor Prinz von Preußen
http://www.wikidata.org/entity/Q7244552,Princess Antonia of Prussia,Princess Antonia Elizabeth Brigid Luise of Prussia
http://www.wikidata.org/entity/Q7244552,Princess Antonia of Prussia,"Princess Antonia of Prussia, The Duchess of Wellington"
http://www.wikidata.org/entity/Q7244586,Princess Christine of Ligne,"Christine, Princess Imperial of Brazil"
http://www.wikidata.org/entity/Q7244586,Princess Christine of Ligne,Princess Christine of Orleans-Braganza
http://www.wikidata.org/entity/Q7244714,"Princess Maria Carolina, Duchess of Calabria",Maria Carolina di Borbone
http://www.wikidata.org/entity/Q7244714,"Princess Maria Carolina, Duchess of Calabria",HRH Princess Maria Carolina de Bourbon des Deux Siciles
http://www.wikidata.org/entity/Q7244714,"Princess Maria Carolina, Duchess of Calabria",Princess Maria Carolina Chantal Edoarda Beatrice Gennara of Bourbon Two Sicilies
http://www.wikidata.org/entity/Q7244714,"Princess Maria Carolina, Duchess of Calabria",Princess Maria Carolina of Bourbon Two Sicilies
http://www.wikidata.org/entity/Q7244714,"Princess Maria Carolina, Duchess of Calabria","Princess Maria Carolina of Bourbon Two Sicilies, The Duchess of Calabria"
http://www.wikidata.org/entity/Q7244714,"Princess Maria Carolina, Duchess of Calabria","Princess Maria Carolina of Bourbon Two Sicilies, The Duchess of Calabria, The Duchess of Palermo"
http://www.wikidata.org/entity/Q7244714,"Princess Maria Carolina, Duchess of Calabria","Princess Maria Carolina, Duchess of Calabria, Duchess of Palermo"
http://www.wikidata.org/entity/Q7244716,Princess Maria Cristina of Savoy-Aosta,Maria Cristina di Savoia-Aosta
http://www.wikidata.org/entity/Q7244716,Princess Maria Cristina of Savoy-Aosta,"Maria Cristina di Savoia-Aoste, Principessa di Savoia"
http://www.wikidata.org/entity/Q7244738,"Princess Marie, Princess Gundakar of Liechtenstein",Marie d'Orléans
http://www.wikidata.org/entity/Q7244738,"Princess Marie, Princess Gundakar of Liechtenstein",Princess Marie d'Orléans
http://www.wikidata.org/entity/Q7244738,"Princess Marie, Princess Gundakar of Liechtenstein",Princess Marie of Liechtenstein
http://www.wikidata.org/entity/Q7244738,"Princess Marie, Princess Gundakar of Liechtenstein",Marie Isabelle Marguerite Anne Geneviève d'Orléans
http://www.wikidata.org/entity/Q7244738,"Princess Marie, Princess Gundakar of Liechtenstein",Princess Gundakar of Liechtenstein
http://www.wikidata.org/entity/Q7244738,"Princess Marie, Princess Gundakar of Liechtenstein",Princess Marie Isabelle Marguerite Anne Geneviève d'Orléans
http://www.wikidata.org/entity/Q7284421,"Prince Raimundo, 2nd Duke of Castel Duino",Raymond von Thurn und Taxis
http://www.wikidata.org/entity/Q7284421,"Prince Raimundo, 2nd Duke of Castel Duino","Raymund della Torre et Tasso, 2nd Duca di Castel Duino"
http://www.wikidata.org/entity/Q7352653,Robin Medforth-Mills,Dr. Leslie Robin Medforth-Mills
http://www.wikidata.org/entity/Q7352653,Robin Medforth-Mills,Leslie Robin Medforth-Mills
http://www.wikidata.org/entity/Q7367831,"Rose Leveson-Gower, Countess Granville",Lady Rose Constance Bowes-Lyon
http://www.wikidata.org/entity/Q7368919,Rosie Stancer,Rose Cecilia Clayton
http://www.wikidata.org/entity/Q7368919,Rosie Stancer,Rose Cecilia Stancer
http://www.wikidata.org/entity/Q7368919,Rosie Stancer,Rose Clayton
http://www.wikidata.org/entity/Q7368919,Rosie Stancer,Rose Stancer
http://www.wikidata.org/entity/Q7368919,Rosie Stancer,Rosie Clayton
http://www.wikidata.org/entity/Q7422845,Sarah Troughton,Sarah Colman
http://www.wikidata.org/entity/Q7422845,Sarah Troughton,Sarah Rose Colman
http://www.wikidata.org/entity/Q7422845,Sarah Troughton,Sarah Rose Troughton
http://www.wikidata.org/entity/Q7518316,"Simon Bowes-Lyon, 19th Earl of Strathmore and Kinghorne","Simon Patrick Bowes-Lyon, 19th Earl of Strathmore and Kinghorne"
http://www.wikidata.org/entity/Q7562997,"Archduchess Sophie, Princess of Windisch-Graetz",Sofia de Habsburg
http://www.wikidata.org/entity/Q7562997,"Archduchess Sophie, Princess of Windisch-Graetz",Sophie Franziska Maria Germaine Erzherzogin von Österreich
http://www.wikidata.org/entity/Q7562997,"Archduchess Sophie, Princess of Windisch-Graetz",Sophie Franziska Maria Germaine Habsburg
http://www.wikidata.org/entity/Q7562997,"Archduchess Sophie, Princess of Windisch-Graetz","Sophie Franziska Maria Germaine of Habsburg-Lorraine, Archduchess of Austria"
http://www.wikidata.org/entity/Q7562997,"Archduchess Sophie, Princess of Windisch-Graetz",Sophie Franziska of Austria
http://www.wikidata.org/entity/Q7608111,"Stephan, Hereditary Prince of Lippe",Stephan Leopold Justus Richard Prinz zur Lippe
http://www.wikidata.org/entity/Q7807119,Timothy Colman,Sir Timothy James Alan Colman
http://www.wikidata.org/entity/Q7807119,Timothy Colman,Σερ Τιμόθι Κόλμαν
http://www.wikidata.org/entity/Q7807119,Timothy Colman,Τιμόθι Τζέιμς Άλαν Κόλμαν
http://www.wikidata.org/entity/Q7902792,Prince Henry of Prussia,Prince Heinrich of Prussia
http://www.wikidata.org/entity/Q7902792,Prince Henry of Prussia,Heinrich Viktor Ludwig Friedrich Prinz von Preußen
http://www.wikidata.org/entity/Q7902792,Prince Henry of Prussia,Prince Henry Victor Louis Frederick of Prussia
http://www.wikidata.org/entity/Q8562880,Hermann Leiningen,Prince Hermann of Leiningen
http://www.wikidata.org/entity/Q8562880,Hermann Leiningen,Hermann Friedrich Roland Fernando Prinz zu Leiningen
http://www.wikidata.org/entity/Q8562880,Hermann Leiningen,Prince Hermann Friedrich Fernando Roland of Leiningen
http://www.wikidata.org/entity/Q8562880,Hermann Leiningen,Prince Hermann Friedrich of Leiningen
http://www.wikidata.org/entity/Q8951675,Archduchess Eleonore of Austria,Eleonore Jelena Maria del Pilar Iona Erzherzogin von Österreich
http://www.wikidata.org/entity/Q8951675,Archduchess Eleonore of Austria,Eleonore von Habsburg
http://www.wikidata.org/entity/Q8951675,Archduchess Eleonore of Austria,Eleonore von Habsburg-Lothringen
http://www.wikidata.org/entity/Q13590412,Prince George of Wales,George Alexander Louis Mountbatten-Windsor
http://www.wikidata.org/entity/Q13590412,Prince George of Wales,George Alexander Louis of Cambridge
http://www.wikidata.org/entity/Q13590412,Prince George of Wales,George Alexander Louis of Cornwall and Cambridge
http://www.wikidata.org/entity/Q13590412,Prince George of Wales,George Alexander Louis of Wales
http://www.wikidata.org/entity/Q13590412,Prince George of Wales,George Mountbatten-Windsor
http://www.wikidata.org/entity/Q13590412,Prince George of Wales,George of Cambridge
http://www.wikidata.org/entity/Q13590412,Prince George of Wales,George of Cornwall and Cambridge
http://www.wikidata.org/entity/Q13590412,Prince George of Wales,George of Wales
http://www.wikidata.org/entity/Q13590412,Prince George of Wales,Prince George Alexander Louis
http://www.wikidata.org/entity/Q13590412,Prince George of Wales,Prince George Alexander Louis of Cambridge
http://www.wikidata.org/entity/Q13590412,Prince George of Wales,Prince George Alexander Louis of Cornwall and Cambridge
http://www.wikidata.org/entity/Q13590412,Prince George of Wales,Prince George Alexander Louis of Wales
http://www.wikidata.org/entity/Q13590412,Prince George of Wales,Prince George of Cambridge
http://www.wikidata.org/entity/Q10315513,Iris Mountbatten,Iris Victoria Beatrice Grace Mountbatten
http://www.wikidata.org/entity/Q10315513,Iris Mountbatten,Lady Iris Kemp
http://www.wikidata.org/entity/Q10315513,Iris Mountbatten,Lady Iris Victoria Beatrice Grace Mountbatten
http://www.wikidata.org/entity/Q10382174,"Thomas Anson, 6th Earl of Lichfield",Thomas Anson
http://www.wikidata.org/entity/Q10382174,"Thomas Anson, 6th Earl of Lichfield","Thomas William Robert Hugh Anson, 6th Earl of Lichfield"
http://www.wikidata.org/entity/Q10382174,"Thomas Anson, 6th Earl of Lichfield",Thomas William Robert Hugh Anson
http://www.wikidata.org/entity/Q11282796,Prince Achileas-Andreas of Denmark,Achi Miller
http://www.wikidata.org/entity/Q11282796,Prince Achileas-Andreas of Denmark,Achileas Andreas zu Schleswig-Holstein-Sonderburg-Glücksburg
http://www.wikidata.org/entity/Q11282796,Prince Achileas-Andreas of Denmark,Achileas-Andreas of Denmark
http://www.wikidata.org/entity/Q11282796,Prince Achileas-Andreas of Denmark,Prince Achileas Andreas of Denmark
http://www.wikidata.org/entity/Q11282796,Prince Achileas-Andreas of Denmark,Prince Achileas-Andreas of Greece and Denmark
http://www.wikidata.org/entity/Q11324270,Nicholas Knatchbull,AMA
http://www.wikidata.org/entity/Q11324270,Nicholas Knatchbull,5DN
http://www.wikidata.org/entity/Q11324270,Nicholas Knatchbull,Deep N Beeper
http://www.wikidata.org/entity/Q11324270,Nicholas Knatchbull,Hon. Nicholas Louis Charles Norton Knatchbull
http://www.wikidata.org/entity/Q11324270,Nicholas Knatchbull,Nicholas Louis Charles Norton Knatchbull
http://www.wikidata.org/entity/Q11324270,Nicholas Knatchbull,Safe As Milk
http://www.wikidata.org/entity/Q11341012,Princess Maria-Olympia of Greece and Denmark,Maria Olympia zu Schleswig-Holstein-Sonderburg-Glücksburg
http://www.wikidata.org/entity/Q11341012,Princess Maria-Olympia of Greece and Denmark,María-Olympía de Grèce
http://www.wikidata.org/entity/Q11341012,Princess Maria-Olympia of Greece and Denmark,Maria-Olympia of Greece and Denmark
http://www.wikidata.org/entity/Q11341012,Princess Maria-Olympia of Greece and Denmark,Olympia of Greece and Denmark
http://www.wikidata.org/entity/Q11341012,Princess Maria-Olympia of Greece and Denmark,Princess Maria Olympia of Greece and Denmark
http://www.wikidata.org/entity/Q11341012,Princess Maria-Olympia of Greece and Denmark,Princess Olympia of Greece and Denmark
http://www.wikidata.org/entity/Q11801765,Simon Bowes-Lyon,Simon Alexander Bowes-Lyon
http://www.wikidata.org/entity/Q11801765,Simon Bowes-Lyon,Sir Simon Alexander Bowes-Lyon
http://www.wikidata.org/entity/Q11801765,Simon Bowes-Lyon,Sir Simon Bowes-Lyon
http://www.wikidata.org/entity/Q12165601,Archduke Ferdinand of Austria,Ferdinand Erzherzog von Österreich
http://www.wikidata.org/entity/Q12379343,Zenouska Mowatt,Zenouska May Mowatt
http://www.wikidata.org/entity/Q12495326,Louis de Bourbon,Luis de Borbón Vargas
http://www.wikidata.org/entity/Q12495326,Louis de Bourbon,Luis de Borbón y de Vargas
http://www.wikidata.org/entity/Q12495326,Louis de Bourbon,Luis de Borbón y Vargas
http://www.wikidata.org/entity/Q12495326,Louis de Bourbon,"Prince Louis, Duke of Burgundy"
http://www.wikidata.org/entity/Q13091129,Princess Alexandra of Greece,"Alexandra zu Schleswig-Holstein-Sonderburg-Glücksburg, Princess of Greece"
http://www.wikidata.org/entity/Q13091129,Princess Alexandra of Greece,Princess Alexandra Elli Francisca Maria of Greece
http://www.wikidata.org/entity/Q13576445,Elise von Vieregge,Elise Hedwig Alexandrine von Vieregge
http://www.wikidata.org/entity/Q13590412,Prince George of Wales,Prince George
http://www.wikidata.org/entity/Q13590412,Prince George of Wales,George Cambridge
http://www.wikidata.org/entity/Q14924803,Beatrix von Storch,"Beatrice Amelie Ehrengard Eilika von Holstein-Gottorp, Herzogin von Oldenburg"
http://www.wikidata.org/entity/Q14924803,Beatrix von Storch,Beatrix Amelie Ehrengard Eilika von Storch
http://www.wikidata.org/entity/Q15876671,Ingeborg Alix von Oldenburg,"Ingeborg Alix von Oldenburg, Herzogin von Oldenburg"
http://www.wikidata.org/entity/Q15876671,Ingeborg Alix von Oldenburg,Ingeborg zu Schaumburg-Lippe
http://www.wikidata.org/entity/Q15882344,Prince Stefan of Schaumburg-Lippe,Stephan Alexander Viktor Prinz zu Schaumburg-Lippe
http://www.wikidata.org/entity/Q15956270,Julia Ogilvy,Julia Caroline Rawlinson
http://www.wikidata.org/entity/Q15956270,Julia Ogilvy,Julia Rawlinson
http://www.wikidata.org/entity/Q16018831,Mary Malcolm,Helen Mary Malcolm
http://www.wikidata.org/entity/Q16028068,Paul Chavchavadze,Paule Chavchavadze
http://www.wikidata.org/entity/Q16028068,Paul Chavchavadze,"Pavel Aleksandrovich Tchavchavadze, Prince Tchavchavadze"
http://www.wikidata.org/entity/Q16115785,Mariam de Bagration,Princess Maria de la Paz Bagration-Moukhranskaya
http://www.wikidata.org/entity/Q16115785,Mariam de Bagration,Princess Mariam de Bagration
http://www.wikidata.org/entity/Q16195113,Ashley Hicks,Ashley Louis David Hicks
http://www.wikidata.org/entity/Q16466734,Donata Countess of Castell-Rüdenhausen,Donata van Castell-Rüdenhausen
http://www.wikidata.org/entity/Q16698801,Duchess Eilika of Oldenburg,Duchess Eilika of Oldenburg (1928-2016)
http://www.wikidata.org/entity/Q16698801,Duchess Eilika of Oldenburg,"Duchess Eilika of Oldenburg, The Princess of Leiningen"
http://www.wikidata.org/entity/Q16698801,Duchess Eilika of Oldenburg,Duchess Eilika Stephanie Elisabeth Thekla Juliana of Oldenburg
http://www.wikidata.org/entity/Q16911051,Princess Katarina of Serbia,Princess Katarina Karađorđević of Serbia
http://www.wikidata.org/entity/Q16911051,Princess Katarina of Serbia,"Princess Katarina Karađorđević of Serbia, Lady de Silva"
http://www.wikidata.org/entity/Q16911051,Princess Katarina of Serbia,Princess Katarina Karađorđević of Yugoslavia
http://www.wikidata.org/entity/Q16911051,Princess Katarina of Serbia,"Princess Katarina Karađorđević of Yugoslavia, Lady de Silva"
http://www.wikidata.org/entity/Q16911051,Princess Katarina of Serbia,"Princess Katarina Karađorđević, Lady de Silva"
http://www.wikidata.org/entity/Q16911051,Princess Katarina of Serbia,"Princess Katarina of Serbia, Lady de Silva"
http://www.wikidata.org/entity/Q16911051,Princess Katarina of Serbia,Princess Katarina of Yugoslavia
http://www.wikidata.org/entity/Q16911051,Princess Katarina of Serbia,"Princess Katarina of Yugoslavia, Lady de Silva"
http://www.wikidata.org/entity/Q16911051,Princess Katarina of Serbia,"Princess Katarina, Lady de Silva"
http://www.wikidata.org/entity/Q16999217,Eugénie de Bourbon,Eugenia de Borbón
http://www.wikidata.org/entity/Q16999217,Eugénie de Bourbon,Eugenia de Borbón y de Vargas
http://www.wikidata.org/entity/Q16999217,Eugénie de Bourbon,Eugenia de Borbón y Vargas
http://www.wikidata.org/entity/Q16999217,Eugénie de Bourbon,Princess Eugénie of Bourbon
http://www.wikidata.org/entity/Q17429006,Paul Mowatt,Paul Julian Mowatt
http://www.wikidata.org/entity/Q17502451,"Duke Wilhelm, Duke of Württemberg","Duke Wilhelm Friedrich, Duke of Württemberg"
http://www.wikidata.org/entity/Q17502451,"Duke Wilhelm, Duke of Württemberg",Wilhelm Herzog von Württemberg
http://www.wikidata.org/entity/Q18002970,Princess Charlotte of Wales,Charlotte of Wales
http://www.wikidata.org/entity/Q29966442,"Princess Maria Chiara, Duchess of Noto",Maria Chiara di Borbone
http://www.wikidata.org/entity/Q29966442,"Princess Maria Chiara, Duchess of Noto",Princess Maria Chiara Amalia Carola Luisa Carmen of Bourbon-Two Sicilies
http://www.wikidata.org/entity/Q29966442,"Princess Maria Chiara, Duchess of Noto",Princess Maria Chiara of Bourbon-Two Sicilies
http://www.wikidata.org/entity/Q30323763,"Penelope Knatchbull, Countess Mountbatten of Burma",Penelope Brabourne
http://www.wikidata.org/entity/Q30323763,"Penelope Knatchbull, Countess Mountbatten of Burma",Penelope Eastwood
http://www.wikidata.org/entity/Q30323763,"Penelope Knatchbull, Countess Mountbatten of Burma","Penelope Knatchbull, Baroness Brabourne"
http://www.wikidata.org/entity/Q30323763,"Penelope Knatchbull, Countess Mountbatten of Burma","Penelope Knatchbull, Lady Brabourne"
http://www.wikidata.org/entity/Q30323763,"Penelope Knatchbull, Countess Mountbatten of Burma","Penelope Knatchbull, Lady Romsey"
http://www.wikidata.org/entity/Q30323763,"Penelope Knatchbull, Countess Mountbatten of Burma",Penelope Meredith Eastwood
http://www.wikidata.org/entity/Q30323763,"Penelope Knatchbull, Countess Mountbatten of Burma","Penelope Meredith Knatchbull, Baroness Brabourne"
http://www.wikidata.org/entity/Q30323763,"Penelope Knatchbull, Countess Mountbatten of Burma","Penelope Meredith Knatchbull, Countess Mountbatten of Burma"
http://www.wikidata.org/entity/Q30323763,"Penelope Knatchbull, Countess Mountbatten of Burma","Penelope Meredith Knatchbull, Lady Brabourne"
http://www.wikidata.org/entity/Q30323763,"Penelope Knatchbull, Countess Mountbatten of Burma","Penelope Meredith Knatchbull, Lady Romsey"
http://www.wikidata.org/entity/Q30323763,"Penelope Knatchbull, Countess Mountbatten of Burma",Penelope Mountbatten
http://www.wikidata.org/entity/Q30323763,"Penelope Knatchbull, Countess Mountbatten of Burma",Penelope Romsey
http://www.wikidata.org/entity/Q32595643,Princess Philomena d'Orléans,Philomena de Tornos y Steinhart
http://www.wikidata.org/entity/Q33104541,Renaud de Clermont-Tonnerre,Comte Renaud de Clermont-Tonnerre
http://www.wikidata.org/entity/Q38668629,Prince Louis of Wales,Louis Arthur Charles of Cambridge
http://www.wikidata.org/entity/Q38668629,Prince Louis of Wales,Louis Arthur Charles of Cornwall and Cambridge
http://www.wikidata.org/entity/Q38668629,Prince Louis of Wales,Louis Arthur Charles of Wales
http://www.wikidata.org/entity/Q38668629,Prince Louis of Wales,Louis Cambridge
http://www.wikidata.org/entity/Q38668629,Prince Louis of Wales,Louis of Cambridge
http://www.wikidata.org/entity/Q38668629,Prince Louis of Wales,Louis of Cornwall and Cambridge
http://www.wikidata.org/entity/Q38668629,Prince Louis of Wales,Louis of Wales
http://www.wikidata.org/entity/Q38668629,Prince Louis of Wales,Louis Wales
http://www.wikidata.org/entity/Q38668629,Prince Louis of Wales,Prince Louis
http://www.wikidata.org/entity/Q38668629,Prince Louis of Wales,Prince Louis Arthur Charles of Cambridge
http://www.wikidata.org/entity/Q38668629,Prince Louis of Wales,Prince Louis Arthur Charles of Cornwall and Cambridge
http://www.wikidata.org/entity/Q38668629,Prince Louis of Wales,Prince Louis Arthur Charles of Wales
http://www.wikidata.org/entity/Q38668629,Prince Louis of Wales,Prince Louis of Cambridge
http://www.wikidata.org/entity/Q38668629,Prince Louis of Wales,Prince Louis of Cornwall and Cambridge
http://www.wikidata.org/entity/Q45319451,Tatiana von Preussen,Tatiana Brigid Honor von Preussen
http://www.wikidata.org/entity/Q45319451,Tatiana von Preussen,Tatiana Brigid Honor von Preußen
http://www.wikidata.org/entity/Q45319451,Tatiana von Preussen,Tatiana Brigid Honor Womack
http://www.wikidata.org/entity/Q45319451,Tatiana von Preussen,Tatiana von Preußen
http://www.wikidata.org/entity/Q45319451,Tatiana von Preussen,Tatiana Womack
http://www.wikidata.org/entity/Q18002970,Princess Charlotte of Wales,Charlotte Cambridge
http://www.wikidata.org/entity/Q18002970,Princess Charlotte of Wales,Charlotte Elizabeth Diana Mountbatten-Windsor
http://www.wikidata.org/entity/Q18002970,Princess Charlotte of Wales,Charlotte Elizabeth Diana of Wales
http://www.wikidata.org/entity/Q18002970,Princess Charlotte of Wales,Charlotte Mountbatten-Windsor
http://www.wikidata.org/entity/Q18002970,Princess Charlotte of Wales,Charlotte Wales
http://www.wikidata.org/entity/Q18002970,Princess Charlotte of Wales,Charlotte Windsor
http://www.wikidata.org/entity/Q18002970,Princess Charlotte of Wales,Princess Charlotte Elizabeth Diana of Cornwall and Cambridge
http://www.wikidata.org/entity/Q18002970,Princess Charlotte of Wales,Princess Charlotte Elizabeth Diana of Wales
http://www.wikidata.org/entity/Q18002970,Princess Charlotte of Wales,Princess Charlotte of Cornwall and Cambridge
http://www.wikidata.org/entity/Q21198012,Archduchess Maria Béatrice of Austria-Este,"Archduchess Maria Beatrice of Austria-Este, Princess of Modena"
http://www.wikidata.org/entity/Q21198012,Archduchess Maria Béatrice of Austria-Este,Maria Beatrix Erzherzogin von Österreich
http://www.wikidata.org/entity/Q21548582,"Granville Leveson-Gower, 6th Earl Granville",Granville Leveson-Gower
http://www.wikidata.org/entity/Q21548582,"Granville Leveson-Gower, 6th Earl Granville",Fergus Leveson-Gower
http://www.wikidata.org/entity/Q21548582,"Granville Leveson-Gower, 6th Earl Granville","Fergus Leveson-Gower, 6th Earl Granville"
http://www.wikidata.org/entity/Q21548582,"Granville Leveson-Gower, 6th Earl Granville",Granville George Fergus Leveson-Gower
http://www.wikidata.org/entity/Q21548582,"Granville Leveson-Gower, 6th Earl Granville","Granville George Fergus Leveson-Gower, 6th Earl Granville"
http://www.wikidata.org/entity/Q23659419,"Archduchess Helene, Archduchess Ferdinand of Austria",Countess Helene of Toerring-Jettenbach
http://www.wikidata.org/entity/Q23659419,"Archduchess Helene, Archduchess Ferdinand of Austria",Helene Gräfin zu Törring-Jettenbach
http://www.wikidata.org/entity/Q23659419,"Archduchess Helene, Archduchess Ferdinand of Austria",Helene Marina Elisabeth Gräfin zu Törring-Jettenbach
http://www.wikidata.org/entity/Q23659419,"Archduchess Helene, Archduchess Ferdinand of Austria",Helene zu Törring-Jettenbach
http://www.wikidata.org/entity/Q24005341,Princess Mafalda of Hesse and by Rhine,Princess Mafalda Margarethe of Hesse and by Rhine
http://www.wikidata.org/entity/Q24005341,Princess Mafalda of Hesse and by Rhine,"Princess Mafalda Margarethe of Hesse and by Rhine, Princess of Hesse-Kassel"
http://www.wikidata.org/entity/Q25998958,"Granville Leveson-Gower, 5th Earl Granville",Granville James Leveson-Gower
http://www.wikidata.org/entity/Q26215204,"James Elphinstone, 18th Lord Elphinstone",", 4th Baron Elphinstone"
http://www.wikidata.org/entity/Q26215204,"James Elphinstone, 18th Lord Elphinstone",James Alexander Elphinstone
http://www.wikidata.org/entity/Q26215204,"James Elphinstone, 18th Lord Elphinstone","James Alexander Elphinstone, 18th Lord Elphinstone, 4th Baron Elphinstone"
http://www.wikidata.org/entity/Q26215204,"James Elphinstone, 18th Lord Elphinstone",James Elphinstone
http://www.wikidata.org/entity/Q28536747,Mia Tindall,Mia Grace Tindall
http://www.wikidata.org/entity/Q29474202,Luiz Philippe of Orléans-Braganza,Dom Luíz Felipe de Orléans-Bragança e de Moraes Barros
http://www.wikidata.org/entity/Q29474202,Luiz Philippe of Orléans-Braganza,Prince Luiz Philippe of Orléans-Braganza
http://www.wikidata.org/entity/Q75240055,Dorothy Osborne,"Dorothy Beatrix Godolphin Bowes-Lyon, Countess of Strathearn and Kinghorne"
http://www.wikidata.org/entity/Q75240055,Dorothy Osborne,"Dorothy Bowes-Lyon, Countess of Strathearn and Kinghorne"
http://www.wikidata.org/entity/Q75240055,Dorothy Osborne,Lady Dorothy Beatrix Godolphin Osborne
http://www.wikidata.org/entity/Q75240065,Elizabeth Cator,Elizabeth Bowes-Lyon
http://www.wikidata.org/entity/Q75240065,Elizabeth Cator,Elizabeth Margaret Cator
http://www.wikidata.org/entity/Q75240065,Elizabeth Cator,Elizabeth Margaret Bowes-Lyon
http://www.wikidata.org/entity/Q75240077,Rachel Spender-Clay,Rachel Pauline Spender Clay
http://www.wikidata.org/entity/Q75240077,Rachel Spender-Clay,Rachel Pauline Spender-Clay
http://www.wikidata.org/entity/Q75240080,Mary McCorquodale,Mary Bowes-Lyon
http://www.wikidata.org/entity/Q75240080,Mary McCorquodale,"Mary Bowes-Lyon, Countess of Strathmore and Kinghorne"
http://www.wikidata.org/entity/Q75240080,Mary McCorquodale,Mary Pamela Bowes-Lyon
http://www.wikidata.org/entity/Q75240080,Mary McCorquodale,"Mary Pamela Bowes-Lyon, Countess of Strathmore and Kinghorne"
http://www.wikidata.org/entity/Q75240080,Mary McCorquodale,Mary Pamela McCorquodale
http://www.wikidata.org/entity/Q75240080,Mary McCorquodale,Mary Strathmore
http://www.wikidata.org/entity/Q75240080,Mary McCorquodale,The Countess of Strathmore
http://www.wikidata.org/entity/Q75240463,Sarah Walker,"Sarah Georgina Mountbatten, Marchioness of Milford Haven"
http://www.wikidata.org/entity/Q75240463,Sarah Walker,Sarah Georgina Walker
http://www.wikidata.org/entity/Q75240463,Sarah Walker,"Sarah Georgina, Marchioness of Milford Haven"
http://www.wikidata.org/entity/Q75240463,Sarah Walker,"Sarah Mountbatten, Marchioness of Milford Haven"
http://www.wikidata.org/entity/Q75240463,Sarah Walker,"Sarah, Marchioness of Milford Haven"
http://www.wikidata.org/entity/Q75244337,India Oxenberg,India Riven Oxenberg
http://www.wikidata.org/entity/Q75248473,Isobel Weatherall,"Isobel Bowes-Lyon, Countess of Strathmore and Kinghorne"
http://www.wikidata.org/entity/Q75248473,Isobel Weatherall,"Isobel Bowes-Lyon, Lady Glamis"
http://www.wikidata.org/entity/Q75248473,Isobel Weatherall,"Isobel Charlotte Bowes-Lyon, Countess of Strathmore and Kinghorne"
http://www.wikidata.org/entity/Q75248473,Isobel Weatherall,"Isobel Charlotte Bowes-Lyon, Lady Glamis"
http://www.wikidata.org/entity/Q75248473,Isobel Weatherall,Isobel Charlotte Weatherall
http://www.wikidata.org/entity/Q75248473,Isobel Weatherall,"Isobel Charlotte, Countess of Strathmore and Kinghorne"
http://www.wikidata.org/entity/Q75248473,Isobel Weatherall,"Isobel, Countess of Strathmore and Kinghorne"
http://www.wikidata.org/entity/Q75248478,Albemarle Bowes-Lyon,Michael Bowes-Lyon
http://www.wikidata.org/entity/Q75248478,Albemarle Bowes-Lyon,Hon. Michael Bowes-Lyon
http://www.wikidata.org/entity/Q75248478,Albemarle Bowes-Lyon,Hon. Albemarle Bowes-Lyon
http://www.wikidata.org/entity/Q75248478,Albemarle Bowes-Lyon,Hon. Michael Albemarle Bowes-Lyon
http://www.wikidata.org/entity/Q75248478,Albemarle Bowes-Lyon,Michael Albemarle Bowes-Lyon
http://www.wikidata.org/entity/Q75248480,Mary Colman,Lady Mary Bowes-Lyon
http://www.wikidata.org/entity/Q75248480,Mary Colman,Mary Bowes-Lyon
http://www.wikidata.org/entity/Q75248480,Mary Colman,Lady Mary Cecilia Bowes-Lyon
http://www.wikidata.org/entity/Q75248480,Mary Colman,Lady Mary Cecilia Colman
http://www.wikidata.org/entity/Q75248480,Mary Colman,Mary Cecilia Bowes-Lyon
http://www.wikidata.org/entity/Q75248480,Mary Colman,Mary Cecilia Colman
http://www.wikidata.org/entity/Q75248488,Katherine Bowes-Lyon,Katherine Juliet Bowes-Lyon
http://www.wikidata.org/entity/Q75251053,Nerissa Bowes-Lyon,Nerissa Jane Irene Bowes-Lyon
http://www.wikidata.org/entity/Q75253177,Davina Bowes-Lyon,"Davina Dalrymple, Countess of Stair"
http://www.wikidata.org/entity/Q75253177,Davina Bowes-Lyon,"Davina Dalrymple, Viscountess Dalrymple"
http://www.wikidata.org/entity/Q75253177,Davina Bowes-Lyon,Davina Katherine Bowes-Lyon
http://www.wikidata.org/entity/Q75253177,Davina Bowes-Lyon,"Davina Katherine Dalrymple, Countess of Stair"
http://www.wikidata.org/entity/Q75253177,Davina Bowes-Lyon,"Davina Katherine Dalrymple, Viscountess Dalrymple"
http://www.wikidata.org/entity/Q75253177,Davina Bowes-Lyon,Davina Stair
http://www.wikidata.org/entity/Q75261337,Willa Chetwode,"Willa Elphinstone, Lady Elphinstone"
http://www.wikidata.org/entity/Q75261337,Willa Chetwode,Willa Lloyd
http://www.wikidata.org/entity/Q75261337,Willa Chetwode,Willa Mary Gabrielle Chetwode
http://www.wikidata.org/entity/Q75261337,Willa Chetwode,"Willa Mary Gabrielle Elphinstone, Lady Elphinstone"
http://www.wikidata.org/entity/Q75261337,Willa Chetwode,Willa Mary Gabrielle Lloyd
http://www.wikidata.org/entity/Q75270431,Marie Mélanie de Gaufridy de Dortan,Berthe Marie Mélanie de Gaufridy de Dortan
http://www.wikidata.org/entity/Q75270431,Marie Mélanie de Gaufridy de Dortan,Berthe Marie Mélanie de Vilmorin
http://www.wikidata.org/entity/Q75270431,Marie Mélanie de Gaufridy de Dortan,Mélanie de Dortan
http://www.wikidata.org/entity/Q75317570,Brigitte Klynstra,Gitte Klynstra
http://www.wikidata.org/entity/Q75317573,Prince Hugo de Bourbon de Parme,Carlos Hugo
http://www.wikidata.org/entity/Q75317573,Prince Hugo de Bourbon de Parme,Carlos Hugo de Bourbon de Parme
http://www.wikidata.org/entity/Q75317573,Prince Hugo de Bourbon de Parme,Carlos Hugo Roderik Sybren
http://www.wikidata.org/entity/Q75317573,Prince Hugo de Bourbon de Parme,Carlos Hugo Roderik Sybren de Bourbon de Parme
http://www.wikidata.org/entity/Q75317573,Prince Hugo de Bourbon de Parme,Carlos Hugo Roderik Sybren Klynstra
http://www.wikidata.org/entity/Q75317573,Prince Hugo de Bourbon de Parme,Hugo de Bourbon de Parme
http://www.wikidata.org/entity/Q75317573,Prince Hugo de Bourbon de Parme,Hugo Klynstra
http://www.wikidata.org/entity/Q75317573,Prince Hugo de Bourbon de Parme,Hugo Klynstra de Bourbon de Parme
http://www.wikidata.org/entity/Q75317573,Prince Hugo de Bourbon de Parme,Prince Carlos Hugo Roderik Sybren de Bourbon de Parme
http://www.wikidata.org/entity/Q75317760,Jaime de Borbón-Dos Sicilias y Landaluce y Melgarejo,Jaime
http://www.wikidata.org/entity/Q75317760,Jaime de Borbón-Dos Sicilias y Landaluce y Melgarejo,Jaime de Borbón y Landaluce
http://www.wikidata.org/entity/Q75317760,Jaime de Borbón-Dos Sicilias y Landaluce y Melgarejo,Jaime di Borbone-Due Sicilie
http://www.wikidata.org/entity/Q75323778,"Duchess Marie, Hereditary Duchess of Württemberg",Marie von Württemberg
http://www.wikidata.org/entity/Q75323778,"Duchess Marie, Hereditary Duchess of Württemberg",Wilhelmine Marie von Wied
http://www.wikidata.org/entity/Q75328030,Angelica Hicks,Angelica Margherita Edwina Hicks
http://www.wikidata.org/entity/Q75328043,Allegra Hicks,Allegra Marina Tondato
http://www.wikidata.org/entity/Q75328043,Allegra Hicks,Allegra Mottola di Amato
http://www.wikidata.org/entity/Q75328043,Allegra Hicks,Allegra Tondato
http://www.wikidata.org/entity/Q75328043,Allegra Hicks,Marina Allegra Federica Silvia Hicks
http://www.wikidata.org/entity/Q75328043,Allegra Hicks,Marina Allegra Federica Silvia Mottola di Amato
http://www.wikidata.org/entity/Q75328043,Allegra Hicks,Marina Allegra Federica Silvia Tondato
http://www.wikidata.org/entity/Q75332807,Lady Elizabeth Shakerley,Elizabeth Shakerley
http://www.wikidata.org/entity/Q75332807,Lady Elizabeth Shakerley,Elizabeth Anson
http://www.wikidata.org/entity/Q75332807,Lady Elizabeth Shakerley,Elizabeth Georgiana Anson
http://www.wikidata.org/entity/Q75332807,Lady Elizabeth Shakerley,Elizabeth Georgiana Shakerley
http://www.wikidata.org/entity/Q75332807,Lady Elizabeth Shakerley,Lady Elizabeth Georgiana Anson
http://www.wikidata.org/entity/Q75332807,Lady Elizabeth Shakerley,Lady Elizabeth Georgiana Shakerley
http://www.wikidata.org/entity/Q75332807,Lady Elizabeth Shakerley,Lady Elizabeth Anson
http://www.wikidata.org/entity/Q75374290,Traute Becker,"Dr. Traute, Princess of Lippe"
http://www.wikidata.org/entity/Q75374290,Traute Becker,Traute Prinzessin zur Lippe
http://www.wikidata.org/entity/Q75374290,Traute Becker,"Traute, Princess of Lippe"
http://www.wikidata.org/entity/Q75381423,Fenella Hepburn-Stuart-Forbes-Trefusis,Fenella Bowes-Lyon
http://www.wikidata.org/entity/Q75381423,Fenella Hepburn-Stuart-Forbes-Trefusis,Hon. Fenella Bowes-Lyon
http://www.wikidata.org/entity/Q75381423,Fenella Hepburn-Stuart-Forbes-Trefusis,Hon. Fenella Hepburn-Stuart-Forbes-Trefusis
http://www.wikidata.org/entity/Q75381594,Prince Andreas of Prussia,Andreas Prinz von Preußen
http://www.wikidata.org/entity/Q75381594,Prince Andreas of Prussia,Prince William Andreas of Prussia
http://www.wikidata.org/entity/Q75381594,Prince Andreas of Prussia,Prince William Andrew of Prussia
http://www.wikidata.org/entity/Q75381594,Prince Andreas of Prussia,William Andrew Prinz von Preußen
http://www.wikidata.org/entity/Q75381841,Margaret Messenger,"Margaret Lascelles, Viscountess Lascelles"
http://www.wikidata.org/entity/Q75381841,Margaret Messenger,"Margaret Rosalind Lascelles, Viscountess Lascelles"
http://www.wikidata.org/entity/Q75381841,Margaret Messenger,Margaret Rosalind Messenger
http://www.wikidata.org/entity/Q75381841,Margaret Messenger,"Margaret Rosalind, Viscountess Lascelles"
http://www.wikidata.org/entity/Q75381841,Margaret Messenger,"Margaret, Viscountess Lascelles"
http://www.wikidata.org/entity/Q75383406,Lady Mary Wellesley,Lady Mary Louise Wellesley
http://www.wikidata.org/entity/Q75383406,Lady Mary Wellesley,Lady Mary Luise Wellesley
http://www.wikidata.org/entity/Q75383406,Lady Mary Wellesley,Mary Louise Wellesley
http://www.wikidata.org/entity/Q75383406,Lady Mary Wellesley,Mary Luise Wellesley
http://www.wikidata.org/entity/Q75383406,Lady Mary Wellesley,Mary Wellesley
http://www.wikidata.org/entity/Q75383463,Lady Charlotte Wellesley,Charlotte Wellesley
http://www.wikidata.org/entity/Q75383463,Lady Charlotte Wellesley,Charlotte Anne Santo Domingo
http://www.wikidata.org/entity/Q75383463,Lady Charlotte Wellesley,Charlotte Anne Wellesley
http://www.wikidata.org/entity/Q75383463,Lady Charlotte Wellesley,Charlotte Santo Domingo
http://www.wikidata.org/entity/Q75383463,Lady Charlotte Wellesley,Lady Charlotte Anne Santo Domingo
http://www.wikidata.org/entity/Q75383463,Lady Charlotte Wellesley,Lady Charlotte Anne Wellesley
http://www.wikidata.org/entity/Q75383463,Lady Charlotte Wellesley,Lady Charlotte Santo Domingo
http://www.wikidata.org/entity/Q75383564,Princess Charlotte of Croÿ,Charlotte Alexandra Marie Clotilde of Croÿ
http://www.wikidata.org/entity/Q75383564,Princess Charlotte of Croÿ,Charlotte Alexandra Marie Clotilde Prinzessin von Croÿ
http://www.wikidata.org/entity/Q75383564,Princess Charlotte of Croÿ,Charlotte of Croÿ
http://www.wikidata.org/entity/Q75383564,Princess Charlotte of Croÿ,Charlotte Prinzessin von Croÿ
http://www.wikidata.org/entity/Q75383564,Princess Charlotte of Croÿ,Princess Charlotte Alexandra Marie Clotilde of Croÿ
http://www.wikidata.org/entity/Q75383906,Janet Bryce,Janet Mercedes Bryce
http://www.wikidata.org/entity/Q75383906,Janet Bryce,"Janet Mercedes Mountbatten, Marchioness of Milford Haven"
http://www.wikidata.org/entity/Q75383906,Janet Bryce,"Janet Mountbatten, Marchioness of Milford Haven"
http://www.wikidata.org/entity/Q75383945,Philip Knatchbull,Hon. Philip Knatchbull
http://www.wikidata.org/entity/Q75383945,Philip Knatchbull,Hon. Philip Wyndham Ashley Knatchbull
http://www.wikidata.org/entity/Q75383945,Philip Knatchbull,Philip Wyndham Ashley Knatchbull
http://www.wikidata.org/entity/Q75383946,Timothy Knatchbull,Hon. Timothy Knatchbull
http://www.wikidata.org/entity/Q75383946,Timothy Knatchbull,Hon. Timothy Nicholas Sean Knatchbull
http://www.wikidata.org/entity/Q75383946,Timothy Knatchbull,Tim Knatchbull
http://www.wikidata.org/entity/Q75383946,Timothy Knatchbull,Timmy Knatchbull
http://www.wikidata.org/entity/Q75383946,Timothy Knatchbull,Timothy Nicholas Sean Knatchbull
http://www.wikidata.org/entity/Q75383948,Nicholas Knatchbull,Hon. Nicholas Knatchbull
http://www.wikidata.org/entity/Q75383948,Nicholas Knatchbull,Hon. Nicholas Timothy Charles Knatchbull
http://www.wikidata.org/entity/Q75383948,Nicholas Knatchbull,Nicholas Timothy Charles Knatchbull
http://www.wikidata.org/entity/Q75390868,"Thomas Anson, Viscount Anson","Thomas William Arnold Anson, Viscount Anson"
http://www.wikidata.org/entity/Q75390943,Huno Herzog von Oldenburg,Huno von Oldenburg
http://www.wikidata.org/entity/Q75390944,Felicitas-Anita Gräfin Schwerin von Krosigk,Fenita Schwerin von Krosigk
http://www.wikidata.org/entity/Q75390945,Duke Johann of Oldenburg,"Johann Friedrich Adolf von Holstein-Gottorp, Herzog von Oldenburg"
http://www.wikidata.org/entity/Q75391437,Klara-Marie von Korff gennant Schmising-Kerssenbrock,Klara-Marie Gräfin von Korff gennant Schmising-Kerssenbrock
http://www.wikidata.org/entity/Q75392006,Heinrich XIII Prinz Reuss,Heinrich Reuss
http://www.wikidata.org/entity/Q75392006,Heinrich XIII Prinz Reuss,Heinrich XIII Prinz Reuss zu Köstritz
http://www.wikidata.org/entity/Q75392006,Heinrich XIII Prinz Reuss,Prince Heinrich XIII
http://www.wikidata.org/entity/Q50220539,Prince Stefan of Serbia,Esteban Karađorđević
http://www.wikidata.org/entity/Q50220539,Prince Stefan of Serbia,Prince Stefan Karađorđević
http://www.wikidata.org/entity/Q50220539,Prince Stefan of Serbia,Prince Stefan Karageorgievich
http://www.wikidata.org/entity/Q50220539,Prince Stefan of Serbia,Stefan Karađorđević of Serbia
http://www.wikidata.org/entity/Q54162487,Jean Frances Hambro,Jean Elphinstone
http://www.wikidata.org/entity/Q54162487,Jean Frances Hambro,Jean Hambro
http://www.wikidata.org/entity/Q54162487,Jean Frances Hambro,Jean Woodroffe
http://www.wikidata.org/entity/Q54164320,Andrew Elphinstone,Andrew Charles Victor Elphinstone
http://www.wikidata.org/entity/Q57401350,Jack Brooksbank,Jack Christopher Stamp Brooksbank
http://www.wikidata.org/entity/Q58301908,Tatiana Mountbatten,Lady Tatiana Helen Georgia Mountbatten
http://www.wikidata.org/entity/Q58301908,Tatiana Mountbatten,Tatiana Helen Georgia Mountbatten
http://www.wikidata.org/entity/Q58304095,Prince Juan de Bagration-Mukhrani,His Royal Highness Prince Juan Jorge de Bagration-Mukhrani
http://www.wikidata.org/entity/Q58304095,Prince Juan de Bagration-Mukhrani,"Juan Bagration-Moukhransky, Prince Bagration-Moukhransky"
http://www.wikidata.org/entity/Q58304095,Prince Juan de Bagration-Mukhrani,Prince Juan Jorge de Bagration-Mukhrani
http://www.wikidata.org/entity/Q61855462,"Danica, Hereditary Princess of Serbia",Danica Karađorđević
http://www.wikidata.org/entity/Q61855462,"Danica, Hereditary Princess of Serbia",Danica Marinković
http://www.wikidata.org/entity/Q62938826,Prince Archie of Sussex,Archie Harrison
http://www.wikidata.org/entity/Q62938826,Prince Archie of Sussex,Archie Harrison Mountbatten-Windsor
http://www.wikidata.org/entity/Q62938826,Prince Archie of Sussex,Archie Harrison of Sussex
http://www.wikidata.org/entity/Q62938826,Prince Archie of Sussex,Archie Mountbatten-Windsor
http://www.wikidata.org/entity/Q62938826,Prince Archie of Sussex,Archie of Sussex
http://www.wikidata.org/entity/Q62938826,Prince Archie of Sussex,Archie Sussex
http://www.wikidata.org/entity/Q62938826,Prince Archie of Sussex,Archie Windsor
http://www.wikidata.org/entity/Q62938826,Prince Archie of Sussex,Baby Sussex
http://www.wikidata.org/entity/Q62938826,Prince Archie of Sussex,Prince Archie Harrison of Sussex
http://www.wikidata.org/entity/Q62938826,Prince Archie of Sussex,Son of the Duke and Duchess of Sussex
http://www.wikidata.org/entity/Q63205821,Tatiana Radziwiłł,Princess Tatania Marie Radziwill
http://www.wikidata.org/entity/Q63676181,Lena Tindall,Lena Elizabeth Tindall
http://www.wikidata.org/entity/Q63806478,Michael Bowes-Lyon,Hon. Michael Bowes-Lyon
http://www.wikidata.org/entity/Q63806478,Michael Bowes-Lyon,Hon. Michael Claude Hamilton Bowes-Lyon
http://www.wikidata.org/entity/Q63806478,Michael Bowes-Lyon,Michael Claude Hamilton Bowes-Lyon
http://www.wikidata.org/entity/Q65031050,Sofía Landaluce y Melgarejo,Sofia Landaluce y Melgareja
http://www.wikidata.org/entity/Q65031050,Sofía Landaluce y Melgarejo,"Sofia, Duchess of Calabria"
http://www.wikidata.org/entity/Q68688016,Edoardo Mapelli Mozzi,Count Edoardo Alessandro Mapelli Mozzi
http://www.wikidata.org/entity/Q68688016,Edoardo Mapelli Mozzi,Count Edoardo Mapelli Mozzi
http://www.wikidata.org/entity/Q68688016,Edoardo Mapelli Mozzi,Edoardo Alessandro Mapelli Mozzi
http://www.wikidata.org/entity/Q71582125,"Princess Olympia, Princess Napoléon",Olympia
http://www.wikidata.org/entity/Q71582125,"Princess Olympia, Princess Napoléon",Olympia Gräfin von und zu Arco-Zinneberg
http://www.wikidata.org/entity/Q71582125,"Princess Olympia, Princess Napoléon",Olympia von und zu Arco-Zinneberg
http://www.wikidata.org/entity/Q71582125,"Princess Olympia, Princess Napoléon","Princess Olympia, The Princess Napoléon"
http://www.wikidata.org/entity/Q119133052,Ernest Brooksbank,Ernest George Ronnie Brooksbank
http://www.wikidata.org/entity/Q75392606,Inés de Borbón-Dos Sicilias,Inés de Borbón-Dos Sicilias
http://www.wikidata.org/entity/Q75392606,Inés de Borbón-Dos Sicilias,Inés Maria Alicia
http://www.wikidata.org/entity/Q75392606,Inés de Borbón-Dos Sicilias,Inés María Alicia de Borbón-Dos Sicilias y Borbón-Parma
http://www.wikidata.org/entity/Q75392606,Inés de Borbón-Dos Sicilias,"Inés María de Borbón-Dos Sicilias y Borbón-Parma, Duchess of Syracuse"
http://www.wikidata.org/entity/Q75392606,Inés de Borbón-Dos Sicilias,Princess Inés Maria Alicia
http://www.wikidata.org/entity/Q75616658,Albert Windsor,Albert Louis Philip Edward Windsor
http://www.wikidata.org/entity/Q75623574,George Gilman,George Edward Gilman
http://www.wikidata.org/entity/Q75706705,Stephanie Freiin von Brenken,Stephanie Sopie Marie Coletta Freiin von Brenken
http://www.wikidata.org/entity/Q75716787,Atalanta Cowen,Atalanta Knatchbull
http://www.wikidata.org/entity/Q75716787,Atalanta Cowen,Atalanta Vereker
http://www.wikidata.org/entity/Q75721792,Lady Mary Leveson-Gower,Mary Clayton
http://www.wikidata.org/entity/Q75721792,Lady Mary Leveson-Gower,Mary Leveson-Gower
http://www.wikidata.org/entity/Q75721792,Lady Mary Leveson-Gower,Lady Mary Cecilia Clayton
http://www.wikidata.org/entity/Q75721792,Lady Mary Leveson-Gower,Lady Mary Cecilia Leveson-Gower
http://www.wikidata.org/entity/Q75721792,Lady Mary Leveson-Gower,Lady Mary Clayton
http://www.wikidata.org/entity/Q75721792,Lady Mary Leveson-Gower,Mary Cecilia Clayton
http://www.wikidata.org/entity/Q75721792,Lady Mary Leveson-Gower,Mary Cecilia Leveson-Gower
http://www.wikidata.org/entity/Q75721792,Lady Mary Leveson-Gower,"Mary Cecilia, Lady Clayton"
http://www.wikidata.org/entity/Q75721792,Lady Mary Leveson-Gower,"Mary, Lady Clayton"
http://www.wikidata.org/entity/Q75721793,Sir Samuel Clayton,Samuel Clayton
http://www.wikidata.org/entity/Q75721793,Sir Samuel Clayton,Samuel Wittewronge Clayton
http://www.wikidata.org/entity/Q75721793,Sir Samuel Clayton,Sir Samuel Wittewronge Clayton
http://www.wikidata.org/entity/Q75774742,Daisy Knatchbull,Daisy Isadora Louise Knatchbull
http://www.wikidata.org/entity/Q75976238,Floria-Franziska Gräfin von Faber-Castell,Floria of Castell-Faber
http://www.wikidata.org/entity/Q75976254,Princess Paulina of Hesse and by Rhine,Paulina Elisabeth Adelheid Tatiana Suzanne Prinzessin von Hessen-Kassel
http://www.wikidata.org/entity/Q76245057,Rufus Gilman,Rufus Frederick Montagu Gilman
http://www.wikidata.org/entity/Q76249585,Maud Windsor,Maud Elizabeth Daphne Marina Windsor
http://www.wikidata.org/entity/Q76254812,Louis Windsor,Louis Arthur Nicholas Felix Windsor
http://www.wikidata.org/entity/Q76306742,Isabella Windsor,Isabella Alexandra May Windsor
http://www.wikidata.org/entity/Q84795732,Jeanne Marie Langtry,Jeanne Langtry
http://www.wikidata.org/entity/Q84795732,Jeanne Marie Langtry,Jeanne Marie Malcolm
http://www.wikidata.org/entity/Q105597990,August Brooksbank,August Philip Hawke Brooksbank
http://www.wikidata.org/entity/Q106153177,Lucas Tindall,Lucas Philip Tindall
http://www.wikidata.org/entity/Q107125551,Princess Lilibet of Sussex,Lili Mountbatten-Windsor
http://www.wikidata.org/entity/Q107125551,Princess Lilibet of Sussex,Lili Sussex
http://www.wikidata.org/entity/Q107125551,Princess Lilibet of Sussex,Lili Windsor
http://www.wikidata.org/entity/Q107125551,Princess Lilibet of Sussex,Lilibet Diana Mountbatten-Windsor
http://www.wikidata.org/entity/Q107125551,Princess Lilibet of Sussex,Lilibet Diana of Sussex
http://www.wikidata.org/entity/Q107125551,Princess Lilibet of Sussex,Lilibet of Sussex
http://www.wikidata.org/entity/Q107125551,Princess Lilibet of Sussex,Lilibet Sussex
http://www.wikidata.org/entity/Q107125551,Princess Lilibet of Sussex,Lilibet Windsor
http://www.wikidata.org/entity/Q107125551,Princess Lilibet of Sussex,Princess Lilibet Diana of Sussex
http://www.wikidata.org/entity/Q108703114,Sienna Mapelli Mozzi,Sienna Elizabeth Mapelli Mozzi
http://www.wikidata.org/entity/Q110952627,Princess María de la Esperanza of Bourbon-Two Sicilies,Maria de la Esperanza
http://www.wikidata.org/entity/Q110952627,Princess María de la Esperanza of Bourbon-Two Sicilies,Princess Maria de la Esperanza of Bourbon-Two Sicilies
